Date,year,month_name,day_name,Sales,Cost Of Sales,Quantity Sold,Daily_Unit_Sales_Price,Gross_Profit,Gross_Profit_Percentage,Gross_Profit_Per_Unit,Gross_Profit_Per_Unit_Percentage,Previous_Unit_Price,Previous_Quantity,Promotion_Status
2013-12-30T00:00:00.000Z,2013,Dec,Mon,223937.967869726530,230079.621012448040,6827,32.80,-6141.65,-2.74,-0.90,-2.67,null,null,Unable to Determine
2013-12-31T00:00:00.000Z,2013,Dec,Tue,300345.484563985660,306986.120484283190,9268,32.41,-6640.64,-2.21,-0.72,-2.16,32.80,6827,Promotion
2014-01-01T00:00:00.000Z,2014,Jan,Wed,86782.467727417796,87986.318214449886,2678,32.41,-1203.85,-1.39,-0.45,-1.37,32.41,9268,No Promotion
2014-01-02T00:00:00.000Z,2014,Jan,Thu,200173.116752677160,202881.177706232610,6175,32.42,-2708.06,-1.35,-0.44,-1.33,32.41,2678,No Promotion
2014-01-03T00:00:00.000Z,2014,Jan,Fri,326906.074176330640,333806.291873354810,10084,32.42,-6900.22,-2.11,-0.68,-2.07,32.42,6175,No Promotion
2014-01-04T00:00:00.000Z,2014,Jan,Sat,307043.935422161890,313652.348272363540,9470,32.42,-6608.41,-2.15,-0.70,-2.11,32.42,10084,No Promotion
2014-01-05T00:00:00.000Z,2014,Jan,Sun,179188.884487809730,183083.284984026980,5524,32.44,-3894.40,-2.17,-0.70,-2.13,32.42,9470,No Promotion
2014-01-06T00:00:00.000Z,2014,Jan,Mon,306351.950858991880,313446.068148843010,9448,32.43,-7094.12,-2.32,-0.75,-2.26,32.44,5524,Promotion
2014-01-07T00:00:00.000Z,2014,Jan,Tue,224020.409968478340,229533.973728379670,6911,32.42,-5513.56,-2.46,-0.80,-2.40,32.43,9448,No Promotion
2014-01-08T00:00:00.000Z,2014,Jan,Wed,101836.402236237100,99381.967517224926,2990,34.06,2454.43,2.41,0.82,2.47,32.42,6911,No Promotion
2014-01-09T00:00:00.000Z,2014,Jan,Thu,107804.304947231720,104816.458512552640,3159,34.13,2987.85,2.77,0.95,2.85,34.06,2990,No Promotion
2014-01-10T00:00:00.000Z,2014,Jan,Fri,144829.956723930170,141333.996283492540,4246,34.11,3495.96,2.41,0.82,2.47,34.13,3159,Promotion
2014-01-11T00:00:00.000Z,2014,Jan,Sat,146571.482353240160,143179.669988392850,4297,34.11,3391.81,2.31,0.79,2.37,34.11,4246,No Promotion
2014-01-12T00:00:00.000Z,2014,Jan,Sun,95422.372978317100,93126.147238344056,2796,34.13,2296.23,2.41,0.82,2.47,34.11,4297,No Promotion
2014-01-13T00:00:00.000Z,2014,Jan,Mon,114883.173791156240,112186.308663052730,3369,34.10,2696.87,2.35,0.80,2.40,34.13,2796,Promotion
2014-01-14T00:00:00.000Z,2014,Jan,Tue,80090.800079892710,78096.760182251150,2348,34.11,1994.04,2.49,0.85,2.55,34.10,3369,No Promotion
2014-01-15T00:00:00.000Z,2014,Jan,Wed,98945.371159077826,97159.002586869974,2903,34.08,1786.37,1.81,0.62,1.84,34.11,2348,Promotion
2014-01-16T00:00:00.000Z,2014,Jan,Thu,84904.901714107822,83350.433158824555,2491,34.08,1554.47,1.83,0.62,1.86,34.08,2903,No Promotion
2014-01-17T00:00:00.000Z,2014,Jan,Fri,135460.619703985170,132703.335419771670,3968,34.14,2757.28,2.04,0.69,2.08,34.08,2491,No Promotion
2014-01-18T00:00:00.000Z,2014,Jan,Sat,149925.749685775140,146928.411780892350,4393,34.13,2997.34,2.00,0.68,2.04,34.14,3968,Promotion
2014-01-19T00:00:00.000Z,2014,Jan,Sun,74297.307184182937,72782.284321402927,2176,34.14,1515.02,2.04,0.70,2.08,34.13,4393,No Promotion
2014-01-20T00:00:00.000Z,2014,Jan,Mon,83356.424561202701,81789.136122352749,2443,34.12,1567.29,1.88,0.64,1.92,34.14,2176,Promotion
2014-01-21T00:00:00.000Z,2014,Jan,Tue,89922.014286172576,88388.916069159721,2638,34.09,1533.10,1.70,0.58,1.73,34.12,2443,Promotion
2014-01-22T00:00:00.000Z,2014,Jan,Wed,57806.302780099039,57157.282544092297,1704,33.92,649.02,1.12,0.38,1.14,34.09,2638,No Promotion
2014-01-23T00:00:00.000Z,2014,Jan,Thu,63977.750348923553,62863.987239062990,1872,34.18,1113.76,1.74,0.59,1.77,33.92,1704,No Promotion
2014-01-24T00:00:00.000Z,2014,Jan,Fri,116958.799847951970,114823.795223812670,3423,34.17,2135.00,1.83,0.62,1.86,34.18,1872,Promotion
2014-01-25T00:00:00.000Z,2014,Jan,Sat,155272.824805480170,152636.276562365940,4544,34.17,2636.55,1.70,0.58,1.73,34.17,3423,No Promotion
2014-01-26T00:00:00.000Z,2014,Jan,Sun,82885.215909762715,81583.166949853185,2426,34.17,1302.05,1.57,0.54,1.60,34.17,4544,No Promotion
2014-01-27T00:00:00.000Z,2014,Jan,Mon,72353.425882453303,71377.156455436343,2117,34.18,976.27,1.35,0.46,1.37,34.17,2426,No Promotion
2014-01-28T00:00:00.000Z,2014,Jan,Tue,50415.903762389156,49769.098243003224,1476,34.16,646.81,1.28,0.44,1.30,34.18,2117,No Promotion
2014-01-29T00:00:00.000Z,2014,Jan,Wed,67458.301891273790,66529.441996531445,1974,34.17,928.86,1.38,0.47,1.40,34.16,1476,No Promotion
2014-01-30T00:00:00.000Z,2014,Jan,Thu,64640.369313193798,63757.839868452080,1892,34.17,882.53,1.37,0.47,1.38,34.17,1974,No Promotion
2014-01-31T00:00:00.000Z,2014,Jan,Fri,137693.873500331390,135609.507582049670,4030,34.17,2084.37,1.51,0.52,1.54,34.17,1892,No Promotion
2014-02-01T00:00:00.000Z,2014,Feb,Sat,181209.128481212600,178435.715345795940,5304,34.16,2773.41,1.53,0.52,1.55,34.17,4030,Promotion
2014-02-02T00:00:00.000Z,2014,Feb,Sun,113433.581045456970,111466.516847537250,3320,34.17,1967.06,1.73,0.59,1.76,34.16,5304,No Promotion
2014-02-03T00:00:00.000Z,2014,Feb,Mon,143192.533356176370,140505.634723003230,4191,34.17,2686.90,1.88,0.64,1.91,34.17,3320,No Promotion
2014-02-04T00:00:00.000Z,2014,Feb,Tue,130126.649892881370,128496.287701172700,3809,34.16,1630.36,1.25,0.43,1.27,34.17,4191,No Promotion
2014-02-05T00:00:00.000Z,2014,Feb,Wed,187155.868545739740,195078.603330942770,5764,32.47,-7922.73,-4.23,-1.37,-4.06,34.16,3809,Promotion
2014-02-06T00:00:00.000Z,2014,Feb,Thu,102314.709596504040,101977.989955288560,3028,33.79,336.72,0.33,0.11,0.33,32.47,5764,No Promotion
2014-02-07T00:00:00.000Z,2014,Feb,Fri,301553.842555086890,313529.187748715690,9284,32.48,-11975.35,-3.97,-1.29,-3.82,33.79,3028,Promotion
2014-02-08T00:00:00.000Z,2014,Feb,Sat,316073.177549394310,329754.779463582210,9737,32.46,-13681.60,-4.33,-1.41,-4.15,32.48,9284,Promotion
2014-02-09T00:00:00.000Z,2014,Feb,Sun,135178.042554582290,141530.708683291280,4163,32.47,-6352.67,-4.70,-1.53,-4.49,32.46,9737,No Promotion
2014-02-10T00:00:00.000Z,2014,Feb,Mon,147727.516186313500,154828.684575076650,4552,32.45,-7101.17,-4.81,-1.56,-4.59,32.47,4163,Promotion
2014-02-11T00:00:00.000Z,2014,Feb,Tue,135498.746444386080,139824.161641012700,4172,32.48,-4325.42,-3.19,-1.04,-3.09,32.45,4552,No Promotion
2014-02-12T00:00:00.000Z,2014,Feb,Wed,163432.845205282300,166893.368919005090,5037,32.45,-3460.52,-2.12,-0.69,-2.07,32.48,4172,Promotion
2014-02-13T00:00:00.000Z,2014,Feb,Thu,138291.633321586060,141027.434455681270,4259,32.47,-2735.80,-1.98,-0.64,-1.94,32.45,5037,No Promotion
2014-02-14T00:00:00.000Z,2014,Feb,Fri,336901.371700099440,343519.875546946660,10381,32.45,-6618.50,-1.96,-0.64,-1.93,32.47,4259,Promotion
2014-02-15T00:00:00.000Z,2014,Feb,Sat,367729.268214412030,373973.593334852190,11332,32.45,-6244.33,-1.70,-0.55,-1.67,32.45,10381,No Promotion
2014-02-16T00:00:00.000Z,2014,Feb,Sun,133913.841387391090,136797.077370152750,4127,32.45,-2883.24,-2.15,-0.70,-2.11,32.45,11332,No Promotion
2014-02-17T00:00:00.000Z,2014,Feb,Mon,150800.347016662300,152887.106399480400,4649,32.44,-2086.76,-1.38,-0.45,-1.36,32.45,4127,Promotion
2014-02-18T00:00:00.000Z,2014,Feb,Tue,55591.930335773912,53463.244211993297,1627,34.17,2128.69,3.83,1.31,3.98,32.44,4649,No Promotion
2014-02-19T00:00:00.000Z,2014,Feb,Wed,106427.191838824000,107736.444075958590,3281,32.44,-1309.25,-1.23,-0.40,-1.22,34.17,1627,Promotion
2014-02-20T00:00:00.000Z,2014,Feb,Thu,78940.554424797941,75934.394822039583,2310,34.17,3006.16,3.81,1.30,3.96,32.44,3281,No Promotion
2014-02-21T00:00:00.000Z,2014,Feb,Fri,317916.317858534280,322089.788955441850,9802,32.43,-4173.47,-1.31,-0.43,-1.30,34.17,2310,Promotion
2014-02-22T00:00:00.000Z,2014,Feb,Sat,309217.875562526230,320116.924323277960,9772,31.64,-10899.05,-3.52,-1.12,-3.40,32.43,9802,No Promotion
2014-02-23T00:00:00.000Z,2014,Feb,Sun,138491.549950462300,140752.601591667160,4270,32.43,-2261.05,-1.63,-0.53,-1.61,31.64,9772,No Promotion
2014-02-24T00:00:00.000Z,2014,Feb,Mon,133146.222205236060,134505.404223794760,4106,32.43,-1359.18,-1.02,-0.33,-1.01,32.43,4270,No Promotion
2014-02-25T00:00:00.000Z,2014,Feb,Tue,224994.656182892150,227546.446559600650,6937,32.43,-2551.79,-1.13,-0.37,-1.12,32.43,4106,No Promotion
2014-02-26T00:00:00.000Z,2014,Feb,Wed,225051.591468032160,228214.142119431400,6934,32.46,-3162.55,-1.41,-0.46,-1.39,32.43,6937,No Promotion
2014-02-27T00:00:00.000Z,2014,Feb,Thu,344299.682441130050,365935.652955926200,11082,31.07,-21635.97,-6.28,-1.95,-5.91,32.46,6934,Promotion
2014-02-28T00:00:00.000Z,2014,Feb,Fri,661876.499999649470,686656.790992170810,20805,31.81,-24780.29,-3.74,-1.19,-3.61,31.07,11082,No Promotion
2014-03-01T00:00:00.000Z,2014,Mar,Sat,846678.388160804050,872081.585003521060,26410,32.06,-25403.20,-3.00,-0.96,-2.91,31.81,20805,No Promotion
2014-03-02T00:00:00.000Z,2014,Mar,Sun,478902.304871823230,495554.449923888490,15004,31.92,-16652.15,-3.48,-1.11,-3.36,32.06,26410,No Promotion
2014-03-03T00:00:00.000Z,2014,Mar,Mon,538827.202132542620,557567.136984813380,16884,31.91,-18739.93,-3.48,-1.11,-3.36,31.92,15004,Promotion
2014-03-04T00:00:00.000Z,2014,Mar,Tue,310346.121287544720,323325.029927024620,9789,31.70,-12978.91,-4.18,-1.33,-4.01,31.91,16884,No Promotion
2014-03-05T00:00:00.000Z,2014,Mar,Wed,256390.522210472320,267308.507082710450,8079,31.74,-10917.98,-4.26,-1.35,-4.08,31.70,9789,No Promotion
2014-03-06T00:00:00.000Z,2014,Mar,Thu,167803.659776093820,168135.690006121910,5072,33.08,-332.03,-0.20,-0.07,-0.20,31.74,8079,No Promotion
2014-03-07T00:00:00.000Z,2014,Mar,Fri,465318.021511566240,483774.596715292370,14551,31.98,-18456.58,-3.97,-1.27,-3.82,33.08,5072,Promotion
2014-03-08T00:00:00.000Z,2014,Mar,Sat,520146.749639590560,541498.958244596260,16262,31.99,-21352.21,-4.11,-1.31,-3.94,31.98,14551,No Promotion
2014-03-09T00:00:00.000Z,2014,Mar,Sun,224699.252819412160,233589.982968319990,7014,32.04,-8890.73,-3.96,-1.27,-3.81,31.99,16262,No Promotion
2014-03-10T00:00:00.000Z,2014,Mar,Mon,286230.678896338390,297642.891436459500,8932,32.05,-11412.21,-3.99,-1.28,-3.83,32.04,7014,No Promotion
2014-03-11T00:00:00.000Z,2014,Mar,Tue,187143.018062583490,191499.042813207870,5737,32.62,-4356.02,-2.33,-0.76,-2.27,32.05,8932,No Promotion
2014-03-12T00:00:00.000Z,2014,Mar,Wed,191700.389128234700,197153.424019060100,5903,32.48,-5453.03,-2.84,-0.92,-2.77,32.62,5737,Promotion
2014-03-13T00:00:00.000Z,2014,Mar,Thu,164663.967602802300,168975.174045440770,5056,32.57,-4311.21,-2.62,-0.85,-2.55,32.48,5903,No Promotion
2014-03-14T00:00:00.000Z,2014,Mar,Fri,395941.345132162210,406765.913954023450,12167,32.54,-10824.57,-2.73,-0.89,-2.66,32.57,5056,Promotion
2014-03-15T00:00:00.000Z,2014,Mar,Sat,518183.210374914400,534383.143118608510,15971,32.45,-16199.93,-3.13,-1.01,-3.03,32.54,12167,Promotion
2014-03-16T00:00:00.000Z,2014,Mar,Sun,226617.954940270780,233191.104566222930,6968,32.52,-6573.15,-2.90,-0.94,-2.82,32.45,15971,No Promotion
2014-03-17T00:00:00.000Z,2014,Mar,Mon,243707.871947376990,250794.221264094670,7494,32.52,-7086.35,-2.91,-0.95,-2.83,32.52,6968,No Promotion
2014-03-18T00:00:00.000Z,2014,Mar,Tue,94849.743799770498,90571.588922976880,2707,35.04,4278.15,4.51,1.58,4.72,32.52,7494,No Promotion
2014-03-19T00:00:00.000Z,2014,Mar,Wed,92386.783066575619,88255.840991793899,2637,35.03,4130.94,4.47,1.57,4.68,35.04,2707,No Promotion
2014-03-20T00:00:00.000Z,2014,Mar,Thu,180394.827704440160,172344.304439480910,5149,35.03,8050.52,4.46,1.56,4.67,35.03,2637,No Promotion
2014-03-21T00:00:00.000Z,2014,Mar,Fri,200939.692363943960,192019.144274927040,5735,35.04,8920.55,4.44,1.56,4.65,35.03,5149,No Promotion
2014-03-22T00:00:00.000Z,2014,Mar,Sat,172953.924710440160,165201.305018509850,4936,35.04,7752.62,4.48,1.57,4.69,35.04,5735,No Promotion
2014-03-23T00:00:00.000Z,2014,Mar,Sun,70194.799537861210,67061.622709446878,2003,35.04,3133.18,4.46,1.56,4.67,35.04,4936,No Promotion
2014-03-24T00:00:00.000Z,2014,Mar,Mon,81378.214631670970,77703.646333683500,2323,35.03,3674.57,4.52,1.58,4.73,35.04,2003,Promotion
2014-03-25T00:00:00.000Z,2014,Mar,Tue,130227.014714578790,127394.289242136160,3822,34.07,2832.73,2.18,0.74,2.22,35.03,2323,Promotion
2014-03-26T00:00:00.000Z,2014,Mar,Wed,125310.036407853800,122275.102582177470,3666,34.18,3034.93,2.42,0.83,2.48,34.07,3822,No Promotion
2014-03-27T00:00:00.000Z,2014,Mar,Thu,119452.339634549890,118186.575041227090,3543,33.72,1265.76,1.06,0.36,1.07,34.18,3666,No Promotion
2014-03-28T00:00:00.000Z,2014,Mar,Fri,276174.769320283670,271550.895580822540,8130,33.97,4623.87,1.67,0.57,1.70,33.72,3543,No Promotion
2014-03-29T00:00:00.000Z,2014,Mar,Sat,357369.266940651230,352250.830074617760,10518,33.98,5118.44,1.43,0.49,1.45,33.97,8130,No Promotion
2014-03-30T00:00:00.000Z,2014,Mar,Sun,163865.490272703810,160525.426877713530,4791,34.20,3340.06,2.04,0.70,2.08,33.98,10518,No Promotion
2014-03-31T00:00:00.000Z,2014,Mar,Mon,190719.614528600010,187072.595229938310,5583,34.16,3647.02,1.91,0.65,1.95,34.20,4791,Promotion
2014-04-01T00:00:00.000Z,2014,Apr,Tue,244535.205225463670,239700.684797598690,7155,34.18,4834.52,1.98,0.68,2.02,34.16,5583,No Promotion
2014-04-02T00:00:00.000Z,2014,Apr,Wed,155620.503788827450,153366.018810552220,4575,34.02,2254.48,1.45,0.49,1.47,34.18,7155,No Promotion
2014-04-03T00:00:00.000Z,2014,Apr,Thu,136001.978160077440,134523.068633720370,3997,34.03,1478.91,1.09,0.37,1.10,34.02,4575,No Promotion
2014-04-04T00:00:00.000Z,2014,Apr,Fri,190559.887512767430,187742.300011752580,5558,34.29,2817.59,1.48,0.51,1.50,34.03,3997,No Promotion
2014-04-05T00:00:00.000Z,2014,Apr,Sat,217110.502529121240,213540.734184193770,6320,34.35,3569.77,1.64,0.56,1.67,34.29,5558,No Promotion
2014-04-06T00:00:00.000Z,2014,Apr,Sun,119190.099982556350,116856.314613416220,3447,34.58,2333.79,1.96,0.68,2.00,34.35,6320,No Promotion
2014-04-07T00:00:00.000Z,2014,Apr,Mon,131910.197451532440,130784.444709065220,3854,34.23,1125.75,0.85,0.29,0.86,34.58,3447,Promotion
2014-04-08T00:00:00.000Z,2014,Apr,Tue,118921.307676258790,115305.805185445740,3394,35.04,3615.50,3.04,1.07,3.14,34.23,3854,No Promotion
2014-04-09T00:00:00.000Z,2014,Apr,Wed,124828.282836808810,121264.703118162830,3563,35.03,3563.58,2.85,1.00,2.94,35.04,3394,Promotion
2014-04-10T00:00:00.000Z,2014,Apr,Thu,179326.490228096370,183278.502426986440,5380,33.33,-3952.01,-2.20,-0.73,-2.16,35.03,3563,Promotion
2014-04-11T00:00:00.000Z,2014,Apr,Fri,318949.817056160010,326322.526012260230,9573,33.32,-7372.71,-2.31,-0.77,-2.26,33.33,5380,Promotion
2014-04-12T00:00:00.000Z,2014,Apr,Sat,375031.109322689010,383727.194012924270,11250,33.34,-8696.08,-2.32,-0.77,-2.27,33.32,9573,No Promotion
2014-04-13T00:00:00.000Z,2014,Apr,Sun,166393.540705272720,170061.864146522680,4990,33.35,-3668.32,-2.20,-0.74,-2.16,33.34,11250,No Promotion
2014-04-14T00:00:00.000Z,2014,Apr,Mon,193652.327767828950,198212.068729968360,5810,33.33,-4559.74,-2.35,-0.78,-2.30,33.35,4990,Promotion
2014-04-15T00:00:00.000Z,2014,Apr,Tue,249805.517213491370,255956.654035288520,7497,33.32,-6151.14,-2.46,-0.82,-2.40,33.33,5810,Promotion
2014-04-16T00:00:00.000Z,2014,Apr,Wed,294023.410888050160,301522.352254371390,8821,33.33,-7498.94,-2.55,-0.85,-2.49,33.32,7497,No Promotion
2014-04-17T00:00:00.000Z,2014,Apr,Thu,612236.005797237740,627927.758673389680,18366,33.34,-15691.75,-2.56,-0.85,-2.50,33.33,8821,No Promotion
2014-04-18T00:00:00.000Z,2014,Apr,Fri,464815.517868546940,476692.543694408900,13940,33.34,-11877.03,-2.56,-0.85,-2.49,33.34,18366,No Promotion
2014-04-19T00:00:00.000Z,2014,Apr,Sat,360480.940449537770,369765.612763224690,10814,33.33,-9284.67,-2.58,-0.86,-2.51,33.34,13940,No Promotion
2014-04-20T00:00:00.000Z,2014,Apr,Sun,114279.577253769530,117190.826154166700,3429,33.33,-2911.25,-2.55,-0.85,-2.48,33.33,10814,No Promotion
2014-04-21T00:00:00.000Z,2014,Apr,Mon,161170.820402730170,165415.083845503740,4834,33.34,-4244.26,-2.63,-0.88,-2.57,33.33,3429,No Promotion
2014-04-22T00:00:00.000Z,2014,Apr,Tue,182483.146495305180,187344.737171658230,5475,33.33,-4861.59,-2.66,-0.89,-2.59,33.34,4834,Promotion
2014-04-23T00:00:00.000Z,2014,Apr,Wed,109358.412529019520,106849.898795565950,3121,35.04,2508.51,2.29,0.80,2.35,33.33,5475,No Promotion
2014-04-24T00:00:00.000Z,2014,Apr,Thu,98430.114109290502,96197.482231430811,2809,35.04,2232.63,2.27,0.79,2.32,35.04,3121,No Promotion
2014-04-25T00:00:00.000Z,2014,Apr,Fri,295741.346961882610,292327.028255683950,8537,34.64,3414.32,1.15,0.40,1.17,35.04,2809,Promotion
2014-04-26T00:00:00.000Z,2014,Apr,Sat,285053.979933127590,281159.581123412990,8209,34.72,3894.40,1.37,0.47,1.39,34.64,8537,No Promotion
2014-04-27T00:00:00.000Z,2014,Apr,Sun,124964.796468058800,123042.158952897560,3592,34.79,1922.64,1.54,0.54,1.56,34.72,8209,No Promotion
2014-04-28T00:00:00.000Z,2014,Apr,Mon,124175.808352158800,122516.065704202530,3576,34.72,1659.74,1.34,0.46,1.35,34.79,3592,No Promotion
2014-04-29T00:00:00.000Z,2014,Apr,Tue,131842.571632243780,130405.263858171120,3807,34.63,1437.31,1.09,0.38,1.10,34.72,3576,Promotion
2014-04-30T00:00:00.000Z,2014,Apr,Wed,154850.057257681360,150644.348240667230,4398,35.21,4205.71,2.72,0.96,2.79,34.63,3807,No Promotion
2014-05-01T00:00:00.000Z,2014,May,Thu,180294.268730027570,175656.650393213260,5124,35.19,4637.62,2.57,0.91,2.64,35.21,4398,Promotion
2014-05-02T00:00:00.000Z,2014,May,Fri,163849.035829681380,157300.625596072000,4581,35.77,6548.41,4.00,1.43,4.16,35.19,5124,No Promotion
2014-05-03T00:00:00.000Z,2014,May,Sat,131436.792447441370,127601.944725939810,3697,35.55,3834.85,2.92,1.04,3.01,35.77,4581,No Promotion
2014-05-04T00:00:00.000Z,2014,May,Sun,93082.043956892812,91601.506543395022,2642,35.23,1480.54,1.59,0.56,1.62,35.55,3697,No Promotion
2014-05-05T00:00:00.000Z,2014,May,Mon,110887.013297212220,109460.153222670600,3154,35.16,1426.86,1.29,0.45,1.30,35.23,2642,Promotion
2014-05-06T00:00:00.000Z,2014,May,Tue,119385.575367956860,115693.106641847830,3324,35.92,3692.47,3.09,1.11,3.19,35.16,3154,No Promotion
2014-05-07T00:00:00.000Z,2014,May,Wed,91719.589378837452,93157.170582525898,2677,34.26,-1437.58,-1.57,-0.54,-1.54,35.92,3324,No Promotion
2014-05-08T00:00:00.000Z,2014,May,Thu,96335.448951387458,93696.216137213793,2683,35.91,2639.23,2.74,0.98,2.82,34.26,2677,No Promotion
2014-05-09T00:00:00.000Z,2014,May,Fri,303226.298354254450,325836.940113892370,9328,32.51,-22610.64,-7.46,-2.42,-6.94,35.91,2683,Promotion
2014-05-10T00:00:00.000Z,2014,May,Sat,431695.709167380060,465253.815715587990,13306,32.44,-33558.11,-7.77,-2.52,-7.21,32.51,9328,Promotion
2014-05-11T00:00:00.000Z,2014,May,Sun,200407.277067542160,215907.824912829090,6173,32.47,-15500.55,-7.73,-2.51,-7.18,32.44,13306,No Promotion
2014-05-12T00:00:00.000Z,2014,May,Mon,183413.708347735960,197835.495083797810,5653,32.45,-14421.79,-7.86,-2.55,-7.29,32.47,6173,No Promotion
2014-05-13T00:00:00.000Z,2014,May,Tue,146166.601124782290,157693.189300526980,4503,32.46,-11526.59,-7.89,-2.56,-7.31,32.45,5653,No Promotion
2014-05-14T00:00:00.000Z,2014,May,Wed,201120.727640814730,218098.761888011070,6253,32.16,-16978.03,-8.44,-2.72,-7.78,32.46,4503,Promotion
2014-05-15T00:00:00.000Z,2014,May,Thu,270123.550823328380,289864.798474272250,8408,32.13,-19741.25,-7.31,-2.35,-6.81,32.16,6253,Promotion
2014-05-16T00:00:00.000Z,2014,May,Fri,415315.383948247360,441790.767227227330,12949,32.07,-26475.38,-6.37,-2.04,-5.99,32.13,8408,Promotion
2014-05-17T00:00:00.000Z,2014,May,Sat,498716.997555014100,526707.376961645200,15508,32.16,-27990.38,-5.61,-1.80,-5.31,32.07,12949,No Promotion
2014-05-18T00:00:00.000Z,2014,May,Sun,166433.172129259740,174376.632474618440,5141,32.37,-7943.46,-4.77,-1.55,-4.56,32.16,15508,No Promotion
2014-05-19T00:00:00.000Z,2014,May,Mon,168520.629367428510,175540.115518245230,5194,32.45,-7019.49,-4.17,-1.35,-4.00,32.37,5141,No Promotion
2014-05-20T00:00:00.000Z,2014,May,Tue,178123.532109534720,187748.172202197400,5550,32.09,-9624.64,-5.40,-1.73,-5.13,32.45,5194,Promotion
2014-05-21T00:00:00.000Z,2014,May,Wed,194878.802634630930,204460.665377442810,6070,32.11,-9581.86,-4.92,-1.58,-4.69,32.09,5550,No Promotion
2014-05-22T00:00:00.000Z,2014,May,Thu,115475.096896259750,115011.322608831690,3421,33.75,463.77,0.40,0.14,0.40,32.11,6070,No Promotion
2014-05-23T00:00:00.000Z,2014,May,Fri,430521.024538655070,449274.186258365520,13384,32.17,-18753.16,-4.36,-1.40,-4.17,33.75,3421,Promotion
2014-05-24T00:00:00.000Z,2014,May,Sat,590642.825660643750,614245.794149527440,18356,32.18,-23602.97,-4.00,-1.29,-3.84,32.17,13384,No Promotion
2014-05-25T00:00:00.000Z,2014,May,Sun,210764.717952290930,217364.463011392160,6500,32.43,-6599.75,-3.13,-1.02,-3.04,32.18,18356,No Promotion
2014-05-26T00:00:00.000Z,2014,May,Mon,218189.348521447160,225607.595185272100,6752,32.31,-7418.25,-3.40,-1.10,-3.29,32.43,6500,Promotion
2014-05-27T00:00:00.000Z,2014,May,Tue,226132.463929362160,234496.512831656440,7023,32.20,-8364.05,-3.70,-1.19,-3.57,32.31,6752,Promotion
2014-05-28T00:00:00.000Z,2014,May,Wed,243720.868045067150,252929.294692381020,7579,32.16,-9208.43,-3.78,-1.21,-3.64,32.20,7023,Promotion
2014-05-29T00:00:00.000Z,2014,May,Thu,207429.429048135930,215118.846495117240,6448,32.17,-7689.42,-3.71,-1.19,-3.57,32.16,7579,No Promotion
2014-05-30T00:00:00.000Z,2014,May,Fri,503149.431345347780,521651.086125572970,15637,32.18,-18501.65,-3.68,-1.18,-3.55,32.17,6448,No Promotion
2014-05-31T00:00:00.000Z,2014,May,Sat,603748.789526076290,626259.386848816070,18775,32.16,-22510.60,-3.73,-1.20,-3.59,32.18,15637,Promotion
2014-06-01T00:00:00.000Z,2014,Jun,Sun,456017.463092676420,473223.980731576620,14188,32.14,-17206.52,-3.77,-1.21,-3.64,32.16,18775,No Promotion
2014-06-02T00:00:00.000Z,2014,Jun,Mon,425845.196044721120,442155.991161187240,13256,32.12,-16310.80,-3.83,-1.23,-3.69,32.14,14188,No Promotion
2014-06-03T00:00:00.000Z,2014,Jun,Tue,328217.769952646980,340913.591725202980,10223,32.11,-12695.82,-3.87,-1.24,-3.72,32.12,13256,No Promotion
2014-06-04T00:00:00.000Z,2014,Jun,Wed,286405.998802503220,296902.672530802260,8904,32.17,-10496.67,-3.66,-1.18,-3.54,32.11,10223,No Promotion
2014-06-05T00:00:00.000Z,2014,Jun,Thu,184989.888666875920,192824.890128464030,5783,31.99,-7835.00,-4.24,-1.35,-4.06,32.17,8904,No Promotion
2014-06-06T00:00:00.000Z,2014,Jun,Fri,288118.304447455620,300213.559406661780,9005,32.00,-12095.25,-4.20,-1.34,-4.03,31.99,5783,No Promotion
2014-06-07T00:00:00.000Z,2014,Jun,Sat,391930.878009660930,407438.919600540890,12222,32.07,-15508.04,-3.96,-1.27,-3.81,32.00,9005,No Promotion
2014-06-08T00:00:00.000Z,2014,Jun,Sun,193772.581108797140,201254.712511546330,6037,32.10,-7482.13,-3.86,-1.24,-3.72,32.07,12222,No Promotion
2014-06-09T00:00:00.000Z,2014,Jun,Mon,214177.983442618370,220255.219178828410,6607,32.42,-6077.24,-2.84,-0.92,-2.76,32.10,6037,No Promotion
2014-06-10T00:00:00.000Z,2014,Jun,Tue,188334.521170679740,195254.781003701850,5857,32.16,-6920.26,-3.67,-1.18,-3.54,32.42,6607,No Promotion
2014-06-11T00:00:00.000Z,2014,Jun,Wed,174324.994815459740,180978.601038229390,5429,32.11,-6653.61,-3.82,-1.23,-3.68,32.16,5857,No Promotion
2014-06-12T00:00:00.000Z,2014,Jun,Thu,200271.564316259730,207757.702973215780,6232,32.14,-7486.14,-3.74,-1.20,-3.60,32.11,5429,No Promotion
2014-06-13T00:00:00.000Z,2014,Jun,Fri,468701.630173913670,486180.544361879870,14585,32.14,-17478.91,-3.73,-1.20,-3.60,32.14,6232,No Promotion
2014-06-14T00:00:00.000Z,2014,Jun,Sat,473425.754156948820,492135.292294434800,14745,32.11,-18709.54,-3.95,-1.27,-3.80,32.14,14585,Promotion
2014-06-15T00:00:00.000Z,2014,Jun,Sun,224232.121375094600,233554.032246433810,6991,32.07,-9321.91,-4.16,-1.33,-3.99,32.11,14745,No Promotion
2014-06-16T00:00:00.000Z,2014,Jun,Mon,185606.275014694720,193340.315365212450,5788,32.07,-7734.04,-4.17,-1.34,-4.00,32.07,6991,No Promotion
2014-06-17T00:00:00.000Z,2014,Jun,Tue,212687.509414812170,221403.645017239990,6632,32.07,-8716.14,-4.10,-1.31,-3.94,32.07,5788,No Promotion
2014-06-18T00:00:00.000Z,2014,Jun,Wed,184259.692421499730,192057.510847077790,5752,32.03,-7797.82,-4.23,-1.36,-4.06,32.07,6632,No Promotion
2014-06-19T00:00:00.000Z,2014,Jun,Thu,113735.816157779500,119544.019764080400,3578,31.79,-5808.20,-5.11,-1.62,-4.86,32.03,5752,No Promotion
2014-06-20T00:00:00.000Z,2014,Jun,Fri,203165.082975139840,205350.643078722410,6119,33.20,-2185.56,-1.08,-0.36,-1.06,31.79,3578,No Promotion
2014-06-21T00:00:00.000Z,2014,Jun,Sat,203345.244564754860,206918.912593865800,6161,33.01,-3573.67,-1.76,-0.58,-1.73,33.20,6119,Promotion
2014-06-22T00:00:00.000Z,2014,Jun,Sun,134944.488966956390,135372.527025031280,4015,33.61,-428.04,-0.32,-0.11,-0.32,33.01,6161,No Promotion
2014-06-23T00:00:00.000Z,2014,Jun,Mon,138298.210244966380,139206.026890080650,4133,33.46,-907.82,-0.66,-0.22,-0.65,33.61,4015,Promotion
2014-06-24T00:00:00.000Z,2014,Jun,Tue,36692.679861900491,35299.064235203216,1047,35.05,1393.62,3.80,1.33,3.95,33.46,4133,No Promotion
2014-06-25T00:00:00.000Z,2014,Jun,Wed,56077.542692130737,53925.257631037668,1601,35.03,2152.29,3.84,1.34,3.99,35.05,1047,Promotion
2014-06-26T00:00:00.000Z,2014,Jun,Thu,55780.707452340735,53688.241195050650,1592,35.04,2092.47,3.75,1.31,3.90,35.03,1601,No Promotion
2014-06-27T00:00:00.000Z,2014,Jun,Fri,131721.238316788800,127302.427134721380,3759,35.04,4418.81,3.35,1.18,3.47,35.04,1592,No Promotion
2014-06-28T00:00:00.000Z,2014,Jun,Sat,146169.076571952580,141012.329411849820,4172,35.04,5156.75,3.53,1.24,3.66,35.04,3759,No Promotion
2014-06-29T00:00:00.000Z,2014,Jun,Sun,62073.585412980981,60083.869836867430,1772,35.03,1989.72,3.21,1.12,3.31,35.04,4172,No Promotion
2014-06-30T00:00:00.000Z,2014,Jun,Mon,93619.846991295737,90294.376087688332,2672,35.04,3325.47,3.55,1.24,3.68,35.03,1772,No Promotion
2014-07-01T00:00:00.000Z,2014,Jul,Tue,180183.031356011370,173842.920925905870,5143,35.03,6340.11,3.52,1.23,3.65,35.04,2672,Promotion
2014-07-02T00:00:00.000Z,2014,Jul,Wed,104760.706235790000,101615.732015736360,2990,35.04,3144.97,3.00,1.05,3.09,35.03,5143,No Promotion
2014-07-03T00:00:00.000Z,2014,Jul,Thu,93450.533684910493,90927.089657647652,2667,35.04,2523.44,2.70,0.95,2.78,35.04,2990,No Promotion
2014-07-04T00:00:00.000Z,2014,Jul,Fri,98087.555903940738,95423.273987227221,2799,35.04,2664.28,2.72,0.95,2.79,35.04,2667,No Promotion
2014-07-05T00:00:00.000Z,2014,Jul,Sat,117562.262905349170,114395.627627446260,3355,35.04,3166.64,2.69,0.94,2.77,35.04,2799,No Promotion
2014-07-06T00:00:00.000Z,2014,Jul,Sun,70153.080972151351,68252.242209488730,2002,35.04,1900.84,2.71,0.95,2.79,35.04,3355,No Promotion
2014-07-07T00:00:00.000Z,2014,Jul,Mon,68918.415287491109,66990.881352152050,1967,35.04,1927.53,2.80,0.98,2.88,35.04,2002,No Promotion
2014-07-08T00:00:00.000Z,2014,Jul,Tue,108417.402833359640,105373.300033370980,3094,35.04,3044.10,2.81,0.98,2.89,35.04,1967,No Promotion
2014-07-09T00:00:00.000Z,2014,Jul,Wed,81802.608208501100,79496.494243965513,2335,35.03,2306.11,2.82,0.99,2.90,35.04,3094,No Promotion
2014-07-10T00:00:00.000Z,2014,Jul,Thu,103998.559733430490,101270.971050945980,2968,35.04,2727.59,2.62,0.92,2.69,35.03,2335,No Promotion
2014-07-11T00:00:00.000Z,2014,Jul,Fri,134018.089263477570,130633.262714548270,3825,35.04,3384.83,2.53,0.88,2.59,35.04,2968,No Promotion
2014-07-12T00:00:00.000Z,2014,Jul,Sat,99277.299503010508,96688.497813017515,2833,35.04,2588.80,2.61,0.91,2.68,35.04,3825,No Promotion
2014-07-13T00:00:00.000Z,2014,Jul,Sun,49705.231999920732,48370.308994006264,1419,35.03,1334.92,2.69,0.94,2.76,35.04,2833,No Promotion
2014-07-14T00:00:00.000Z,2014,Jul,Mon,75384.574550731340,73393.446593668908,2151,35.05,1991.13,2.64,0.93,2.71,35.03,1419,No Promotion
2014-07-15T00:00:00.000Z,2014,Jul,Tue,110288.234174190610,107437.380951612790,3148,35.03,2850.85,2.58,0.91,2.65,35.05,2151,Promotion
2014-07-16T00:00:00.000Z,2014,Jul,Wed,156536.686205421080,164641.353987485230,4825,32.44,-8104.67,-5.18,-1.68,-4.92,35.03,3148,Promotion
2014-07-17T00:00:00.000Z,2014,Jul,Thu,80823.059197921219,78844.860500337440,2307,35.03,1978.20,2.45,0.86,2.51,32.44,4825,No Promotion
2014-07-18T00:00:00.000Z,2014,Jul,Fri,124615.685608408810,121612.178924555960,3557,35.03,3003.51,2.41,0.84,2.47,35.03,2307,No Promotion
2014-07-19T00:00:00.000Z,2014,Jul,Sat,242758.950528375800,255779.854460493250,7485,32.43,-13020.90,-5.36,-1.74,-5.09,35.03,3557,Promotion
2014-07-20T00:00:00.000Z,2014,Jul,Sun,85078.243689436087,83020.514125462476,2428,35.04,2057.73,2.42,0.85,2.48,32.43,7485,No Promotion
2014-07-21T00:00:00.000Z,2014,Jul,Mon,86738.067427260859,84643.271827215489,2475,35.05,2094.80,2.42,0.85,2.47,35.04,2428,No Promotion
2014-07-22T00:00:00.000Z,2014,Jul,Tue,56673.615811620853,55278.707829230581,1618,35.03,1394.91,2.46,0.86,2.52,35.05,2475,No Promotion
2014-07-23T00:00:00.000Z,2014,Jul,Wed,165742.170464233520,173725.357520623020,5106,32.46,-7983.19,-4.82,-1.56,-4.60,35.03,1618,Promotion
2014-07-24T00:00:00.000Z,2014,Jul,Thu,95618.248803710856,92416.903838237486,2729,35.04,3201.34,3.35,1.17,3.46,32.46,5106,No Promotion
2014-07-25T00:00:00.000Z,2014,Jul,Fri,515698.795766175200,538260.271803906770,15897,32.44,-22561.48,-4.37,-1.42,-4.19,35.04,2729,Promotion
2014-07-26T00:00:00.000Z,2014,Jul,Sat,562590.366547840650,586670.514084788040,17343,32.44,-24080.15,-4.28,-1.39,-4.10,32.44,15897,No Promotion
2014-07-27T00:00:00.000Z,2014,Jul,Sun,266305.925889973240,277238.010361479830,8207,32.45,-10932.08,-4.11,-1.33,-3.94,32.44,17343,No Promotion
2014-07-28T00:00:00.000Z,2014,Jul,Mon,292634.745692819420,304508.379030807990,9018,32.45,-11873.63,-4.06,-1.32,-3.90,32.45,8207,No Promotion
2014-07-29T00:00:00.000Z,2014,Jul,Tue,212360.993077952150,221017.073099766830,6548,32.43,-8656.08,-4.08,-1.32,-3.92,32.45,9018,No Promotion
2014-07-30T00:00:00.000Z,2014,Jul,Wed,198019.332091535940,205903.824945207740,6102,32.45,-7884.49,-3.98,-1.29,-3.83,32.43,6548,No Promotion
2014-07-31T00:00:00.000Z,2014,Jul,Thu,295508.327294265790,307222.395421687510,9108,32.44,-11714.07,-3.96,-1.29,-3.81,32.45,6102,Promotion
2014-08-01T00:00:00.000Z,2014,Aug,Fri,611894.673180949640,636341.315926196170,18867,32.43,-24446.64,-4.00,-1.30,-3.84,32.44,9108,Promotion
2014-08-02T00:00:00.000Z,2014,Aug,Sat,628685.218828356010,653779.963453244070,19384,32.43,-25094.74,-3.99,-1.29,-3.84,32.43,18867,No Promotion
2014-08-03T00:00:00.000Z,2014,Aug,Sun,307272.683729956860,319500.009457128060,9473,32.44,-12227.33,-3.98,-1.29,-3.83,32.43,19384,No Promotion
2014-08-04T00:00:00.000Z,2014,Aug,Mon,362106.532635940820,376645.750934485810,11170,32.42,-14539.22,-4.02,-1.30,-3.86,32.44,9473,Promotion
2014-08-05T00:00:00.000Z,2014,Aug,Tue,262349.590972715760,272809.290443809880,8091,32.42,-10459.70,-3.99,-1.29,-3.83,32.42,11170,No Promotion
2014-08-06T00:00:00.000Z,2014,Aug,Wed,80697.903500791217,77649.636533253579,2303,35.04,3048.27,3.78,1.32,3.93,32.42,8091,No Promotion
2014-08-07T00:00:00.000Z,2014,Aug,Thu,103272.622713350370,99367.233222687966,2947,35.04,3905.39,3.78,1.33,3.93,35.04,2303,No Promotion
2014-08-08T00:00:00.000Z,2014,Aug,Fri,439421.422067073810,456509.621850220250,13542,32.45,-17088.20,-3.89,-1.26,-3.74,35.04,2947,Promotion
2014-08-09T00:00:00.000Z,2014,Aug,Sat,408616.350631913520,424340.949382785070,12588,32.46,-15724.60,-3.85,-1.25,-3.71,32.45,13542,No Promotion
2014-08-10T00:00:00.000Z,2014,Aug,Sun,195866.773019443380,203331.434784756480,6032,32.47,-7464.66,-3.81,-1.24,-3.67,32.46,12588,No Promotion
2014-08-11T00:00:00.000Z,2014,Aug,Mon,232347.353169289590,241134.527794406400,7158,32.46,-8787.17,-3.78,-1.23,-3.64,32.47,6032,Promotion
2014-08-12T00:00:00.000Z,2014,Aug,Tue,190325.181143384720,197438.111638514940,5863,32.46,-7112.93,-3.74,-1.21,-3.60,32.46,7158,No Promotion
2014-08-13T00:00:00.000Z,2014,Aug,Wed,197698.118550840940,205114.128948227270,6092,32.45,-7416.01,-3.75,-1.22,-3.62,32.46,5863,Promotion
2014-08-14T00:00:00.000Z,2014,Aug,Thu,177908.835604848510,184687.529140367060,5485,32.44,-6778.69,-3.81,-1.24,-3.67,32.45,6092,No Promotion
2014-08-15T00:00:00.000Z,2014,Aug,Fri,473321.882451753710,491559.422963044140,14587,32.45,-18237.54,-3.85,-1.25,-3.71,32.44,5485,No Promotion
2014-08-16T00:00:00.000Z,2014,Aug,Sat,541600.892159530780,562953.370773653730,16686,32.46,-21352.48,-3.94,-1.28,-3.79,32.45,14587,No Promotion
2014-08-17T00:00:00.000Z,2014,Aug,Sun,239513.979042657010,249203.120768224760,7380,32.45,-9689.14,-4.05,-1.31,-3.89,32.46,16686,No Promotion
2014-08-18T00:00:00.000Z,2014,Aug,Mon,255224.222552353230,265532.546204822200,7864,32.45,-10308.32,-4.04,-1.31,-3.88,32.45,7380,No Promotion
2014-08-19T00:00:00.000Z,2014,Aug,Tue,160372.039709029720,167021.157829008680,4941,32.46,-6649.12,-4.15,-1.35,-3.98,32.45,7864,No Promotion
2014-08-20T00:00:00.000Z,2014,Aug,Wed,171587.332252540160,174723.175427943560,5151,33.31,-3135.84,-1.83,-0.61,-1.79,32.46,4941,No Promotion
2014-08-21T00:00:00.000Z,2014,Aug,Thu,164208.060612595170,167239.648759931360,4928,33.32,-3031.59,-1.85,-0.62,-1.81,33.31,5151,No Promotion
2014-08-22T00:00:00.000Z,2014,Aug,Fri,376778.835704497640,384006.045320909000,11309,33.32,-7227.21,-1.92,-0.64,-1.88,33.32,4928,No Promotion
2014-08-23T00:00:00.000Z,2014,Aug,Sat,453633.473978322000,463250.071255097980,13613,33.32,-9616.60,-2.12,-0.71,-2.08,33.32,11309,No Promotion
2014-08-24T00:00:00.000Z,2014,Aug,Sun,214392.400852752590,218347.797776929420,6424,33.37,-3955.40,-1.84,-0.62,-1.81,33.32,13613,No Promotion
2014-08-25T00:00:00.000Z,2014,Aug,Mon,316404.062322430020,323293.396640473100,9493,33.33,-6889.33,-2.18,-0.73,-2.13,33.37,6424,Promotion
2014-08-26T00:00:00.000Z,2014,Aug,Tue,242824.501340454850,259860.512548685800,7619,31.87,-17036.01,-7.02,-2.24,-6.56,33.33,9493,No Promotion
2014-08-27T00:00:00.000Z,2014,Aug,Wed,274712.253284169590,304334.784643436840,8909,30.84,-29622.53,-10.78,-3.33,-9.73,31.87,7619,Promotion
2014-08-28T00:00:00.000Z,2014,Aug,Thu,258066.169394984580,287168.566089825410,8400,30.72,-29102.40,-11.28,-3.46,-10.13,30.84,8909,No Promotion
2014-08-29T00:00:00.000Z,2014,Aug,Fri,594007.213203712370,660937.804805603460,19317,30.75,-66930.59,-11.27,-3.46,-10.13,30.72,8400,No Promotion
2014-08-30T00:00:00.000Z,2014,Aug,Sat,717096.712818359370,797788.891976237530,23310,30.76,-80692.18,-11.25,-3.46,-10.11,30.75,19317,No Promotion
2014-08-31T00:00:00.000Z,2014,Aug,Sun,358170.996328816980,398562.607430158770,11646,30.75,-40391.61,-11.28,-3.47,-10.13,30.76,23310,No Promotion
2014-09-01T00:00:00.000Z,2014,Sep,Mon,594953.634906438760,662850.990761084130,19366,30.72,-67897.36,-11.41,-3.51,-10.24,30.75,11646,Promotion
2014-09-02T00:00:00.000Z,2014,Sep,Tue,469469.941025127600,523480.303345641700,15291,30.70,-54010.36,-11.50,-3.53,-10.32,30.72,19366,No Promotion
2014-09-03T00:00:00.000Z,2014,Sep,Wed,464067.799340212600,517180.543295555400,15100,30.73,-53112.74,-11.45,-3.52,-10.27,30.70,15291,No Promotion
2014-09-04T00:00:00.000Z,2014,Sep,Thu,312311.953981190690,348177.120545781860,10164,30.73,-35865.17,-11.48,-3.53,-10.30,30.73,15100,No Promotion
2014-09-05T00:00:00.000Z,2014,Sep,Fri,501279.000444480920,558766.690346946010,16310,30.73,-57487.69,-11.47,-3.52,-10.29,30.73,10164,No Promotion
2014-09-06T00:00:00.000Z,2014,Sep,Sat,552703.903758152500,616169.851431136490,17985,30.73,-63465.95,-11.48,-3.53,-10.30,30.73,16310,No Promotion
2014-09-07T00:00:00.000Z,2014,Sep,Sun,234153.762210715770,261088.386372967770,7620,30.73,-26934.62,-11.50,-3.53,-10.32,30.73,17985,No Promotion
2014-09-08T00:00:00.000Z,2014,Sep,Mon,244481.497729305790,272633.399802757780,7958,30.72,-28151.90,-11.51,-3.54,-10.33,30.73,7620,Promotion
2014-09-09T00:00:00.000Z,2014,Sep,Tue,122749.635278308810,120070.950188597450,3503,35.04,2678.69,2.18,0.76,2.23,30.72,7958,No Promotion
2014-09-10T00:00:00.000Z,2014,Sep,Wed,78736.402839721224,77071.542706110122,2247,35.04,1664.86,2.11,0.74,2.16,35.04,3503,No Promotion
2014-09-11T00:00:00.000Z,2014,Sep,Thu,70875.110668741108,69489.360846835130,2023,35.03,1385.75,1.96,0.68,1.99,35.04,2247,No Promotion
2014-09-12T00:00:00.000Z,2014,Sep,Fri,148634.391406875160,145956.139695920980,4242,35.04,2678.25,1.80,0.63,1.83,35.03,2023,No Promotion
2014-09-13T00:00:00.000Z,2014,Sep,Sat,171724.828781933960,168652.203571441700,4901,35.04,3072.63,1.79,0.63,1.82,35.04,4242,No Promotion
2014-09-14T00:00:00.000Z,2014,Sep,Sun,86435.698834951094,84948.374577163748,2467,35.04,1487.32,1.72,0.60,1.75,35.04,4901,No Promotion
2014-09-15T00:00:00.000Z,2014,Sep,Mon,120236.182703370010,118094.043193148910,3432,35.03,2142.14,1.78,0.62,1.81,35.04,2467,Promotion
2014-09-16T00:00:00.000Z,2014,Sep,Tue,83204.196694181097,81753.424593545584,2375,35.03,1450.77,1.74,0.61,1.77,35.03,3432,No Promotion
2014-09-17T00:00:00.000Z,2014,Sep,Wed,73768.034734920977,72471.919323404494,2105,35.04,1296.12,1.76,0.62,1.79,35.03,2375,No Promotion
2014-09-18T00:00:00.000Z,2014,Sep,Thu,69425.445115770970,68280.383276895183,1982,35.03,1145.06,1.65,0.58,1.68,35.04,2105,No Promotion
2014-09-19T00:00:00.000Z,2014,Sep,Fri,137154.954087791350,135276.909586045950,3915,35.03,1878.04,1.37,0.48,1.39,35.03,1982,No Promotion
2014-09-20T00:00:00.000Z,2014,Sep,Sat,153569.061880210150,151376.135589804620,4383,35.04,2192.93,1.43,0.50,1.45,35.03,3915,No Promotion
2014-09-21T00:00:00.000Z,2014,Sep,Sun,75633.320588686343,74546.668253599157,2159,35.03,1086.65,1.44,0.50,1.46,35.04,4383,No Promotion
2014-09-22T00:00:00.000Z,2014,Sep,Mon,90815.929812690869,89653.637589452905,2592,35.04,1162.29,1.28,0.45,1.30,35.03,2159,No Promotion
2014-09-23T00:00:00.000Z,2014,Sep,Tue,110118.156391470140,108880.408963183090,3143,35.04,1237.75,1.12,0.39,1.14,35.04,2592,No Promotion
2014-09-24T00:00:00.000Z,2014,Sep,Wed,209908.383111639710,223554.086601750660,6457,32.51,-13645.70,-6.50,-2.11,-6.10,35.04,3143,Promotion
2014-09-25T00:00:00.000Z,2014,Sep,Thu,358365.682968793440,382967.983175682950,11039,32.46,-24602.30,-6.87,-2.23,-6.42,32.51,6457,Promotion
2014-09-26T00:00:00.000Z,2014,Sep,Fri,585463.996007360170,625980.930209414680,18036,32.46,-40516.93,-6.92,-2.25,-6.47,32.46,11039,No Promotion
2014-09-27T00:00:00.000Z,2014,Sep,Sat,617019.091534420620,661010.591263862330,19017,32.45,-43991.50,-7.13,-2.31,-6.66,32.46,18036,Promotion
2014-09-28T00:00:00.000Z,2014,Sep,Sun,283850.597105499470,304440.651506454630,8747,32.45,-20590.05,-7.25,-2.35,-6.76,32.45,19017,No Promotion
2014-09-29T00:00:00.000Z,2014,Sep,Mon,264317.110368105820,283912.968697441680,8147,32.44,-19595.86,-7.41,-2.41,-6.90,32.45,8747,No Promotion
2014-09-30T00:00:00.000Z,2014,Sep,Tue,358024.981348825910,384823.439878072180,11036,32.44,-26798.46,-7.49,-2.43,-6.96,32.44,8147,No Promotion
2014-10-01T00:00:00.000Z,2014,Oct,Wed,594438.280780299680,639306.568782465420,18330,32.43,-44868.29,-7.55,-2.45,-7.02,32.44,11036,Promotion
2014-10-02T00:00:00.000Z,2014,Oct,Thu,470507.663044438870,506072.033341429080,14503,32.44,-35564.37,-7.56,-2.45,-7.03,32.43,18330,No Promotion
2014-10-03T00:00:00.000Z,2014,Oct,Fri,518693.528664872460,557939.369276368760,15986,32.45,-39245.84,-7.57,-2.46,-7.03,32.44,14503,No Promotion
2014-10-04T00:00:00.000Z,2014,Oct,Sat,656245.828428665760,705891.300262452220,20223,32.45,-49645.47,-7.57,-2.45,-7.03,32.45,15986,No Promotion
2014-10-05T00:00:00.000Z,2014,Oct,Sun,280055.117716763230,301279.654982431970,8631,32.45,-21224.54,-7.58,-2.46,-7.04,32.45,20223,No Promotion
2014-10-06T00:00:00.000Z,2014,Oct,Mon,375648.017455953700,404178.921055227930,11579,32.44,-28530.90,-7.60,-2.46,-7.06,32.45,8631,Promotion
2014-10-07T00:00:00.000Z,2014,Oct,Tue,78111.716463120727,74251.874725965463,2127,36.72,3859.84,4.94,1.81,5.20,32.44,11579,No Promotion
2014-10-08T00:00:00.000Z,2014,Oct,Wed,70509.132791540367,67141.979629084031,1923,36.67,3367.15,4.78,1.75,5.01,36.72,2127,No Promotion
2014-10-09T00:00:00.000Z,2014,Oct,Thu,103281.311047572060,98065.939078450887,2809,36.77,5215.37,5.05,1.86,5.32,36.67,1923,No Promotion
2014-10-10T00:00:00.000Z,2014,Oct,Fri,179841.431779723640,170757.581177206970,4891,36.77,9083.85,5.05,1.86,5.32,36.77,2809,No Promotion
2014-10-11T00:00:00.000Z,2014,Oct,Sat,138038.239752894880,131192.316771473650,3758,36.73,6845.92,4.96,1.82,5.22,36.77,4891,No Promotion
2014-10-12T00:00:00.000Z,2014,Oct,Sun,61037.562229970368,57992.341511187689,1661,36.75,3045.22,4.99,1.83,5.25,36.73,3758,No Promotion
2014-10-13T00:00:00.000Z,2014,Oct,Mon,86799.759454041719,82392.333264616391,2360,36.78,4407.43,5.08,1.87,5.35,36.75,1661,No Promotion
2014-10-14T00:00:00.000Z,2014,Oct,Tue,69570.501466700734,66313.940979270206,1894,36.73,3256.56,4.68,1.72,4.91,36.78,2360,No Promotion
2014-10-15T00:00:00.000Z,2014,Oct,Wed,130476.355345242440,124398.431629588510,3548,36.77,6077.92,4.66,1.71,4.89,36.73,1894,No Promotion
2014-10-16T00:00:00.000Z,2014,Oct,Thu,95229.773480081218,91087.851335542873,2591,36.75,4141.92,4.35,1.60,4.55,36.77,3548,No Promotion
2014-10-17T00:00:00.000Z,2014,Oct,Fri,121057.861283503050,116949.791274210730,3293,36.76,4108.07,3.39,1.25,3.51,36.75,2591,No Promotion
2014-10-18T00:00:00.000Z,2014,Oct,Sat,169498.916385324880,164492.946632848590,4611,36.76,5005.97,2.95,1.09,3.04,36.76,3293,No Promotion
2014-10-19T00:00:00.000Z,2014,Oct,Sun,90692.375875501952,87911.211583205484,2468,36.75,2781.16,3.07,1.13,3.16,36.76,4611,No Promotion
2014-10-20T00:00:00.000Z,2014,Oct,Mon,101723.915004092310,98870.811877197717,2773,36.68,2853.10,2.80,1.03,2.89,36.75,2468,Promotion
2014-10-21T00:00:00.000Z,2014,Oct,Tue,103395.691268742430,100424.155743322930,2815,36.73,2971.54,2.87,1.06,2.96,36.68,2773,No Promotion
2014-10-22T00:00:00.000Z,2014,Oct,Wed,99075.599096021819,96511.722157538141,2701,36.68,2563.88,2.59,0.95,2.66,36.73,2815,No Promotion
2014-10-23T00:00:00.000Z,2014,Oct,Thu,97476.144719572068,94763.842548765941,2651,36.77,2712.30,2.78,1.02,2.86,36.68,2701,No Promotion
2014-10-24T00:00:00.000Z,2014,Oct,Fri,248974.652782796390,241961.143245302640,6781,36.72,7013.51,2.82,1.03,2.90,36.77,2651,Promotion
2014-10-25T00:00:00.000Z,2014,Oct,Sat,302721.683300400330,294129.671123118610,8249,36.70,8592.01,2.84,1.04,2.92,36.72,6781,Promotion
2014-10-26T00:00:00.000Z,2014,Oct,Sun,128520.727803953660,124739.233948687960,3502,36.70,3781.49,2.94,1.08,3.03,36.70,8249,No Promotion
2014-10-27T00:00:00.000Z,2014,Oct,Mon,145185.268336084880,140651.937178420250,3949,36.77,4533.33,3.12,1.15,3.22,36.70,3502,No Promotion
2014-10-28T00:00:00.000Z,2014,Oct,Tue,89527.556631861706,87067.051318914280,2435,36.77,2460.51,2.75,1.01,2.83,36.77,3949,No Promotion
2014-10-29T00:00:00.000Z,2014,Oct,Wed,81991.882841411090,80112.548014988250,2232,36.73,1879.33,2.29,0.84,2.35,36.77,2435,No Promotion
2014-10-30T00:00:00.000Z,2014,Oct,Thu,69704.491112590491,68293.096389796119,1898,36.73,1411.39,2.02,0.74,2.07,36.73,2232,No Promotion
2014-10-31T00:00:00.000Z,2014,Oct,Fri,166652.394819223640,163319.716470676590,4537,36.73,3332.68,2.00,0.73,2.04,36.73,1898,No Promotion
2014-11-01T00:00:00.000Z,2014,Nov,Sat,247453.102185247580,242638.801197468390,6730,36.77,4814.30,1.95,0.72,1.98,36.73,4537,No Promotion
2014-11-02T00:00:00.000Z,2014,Nov,Sun,148476.181209174860,145646.336801694180,4038,36.77,2829.84,1.91,0.70,1.94,36.77,6730,No Promotion
2014-11-03T00:00:00.000Z,2014,Nov,Mon,205368.922634401240,201281.239025563000,5581,36.80,4087.68,1.99,0.73,2.03,36.77,4038,No Promotion
2014-11-04T00:00:00.000Z,2014,Nov,Tue,99244.681846049149,90949.442252201086,2519,39.40,8295.24,8.36,3.29,9.12,36.80,5581,No Promotion
2014-11-05T00:00:00.000Z,2014,Nov,Wed,72756.863100070492,67872.774326885235,1847,39.39,4884.09,6.71,2.64,7.20,39.40,2519,No Promotion
2014-11-06T00:00:00.000Z,2014,Nov,Thu,86867.458080595141,84486.086086063602,2309,37.62,2381.37,2.74,1.03,2.82,39.39,1847,Promotion
2014-11-07T00:00:00.000Z,2014,Nov,Fri,140167.803862205150,136539.203296446680,3722,37.66,3628.60,2.59,0.97,2.66,37.62,2309,No Promotion
2014-11-08T00:00:00.000Z,2014,Nov,Sat,160727.302782978950,156700.824995732310,4268,37.66,4026.48,2.51,0.94,2.57,37.66,3722,No Promotion
2014-11-09T00:00:00.000Z,2014,Nov,Sun,74115.628776445490,71994.346393653148,1968,37.66,2121.28,2.86,1.08,2.95,37.66,4268,No Promotion
2014-11-10T00:00:00.000Z,2014,Nov,Mon,76103.291516535493,73967.605694431360,2016,37.75,2135.69,2.81,1.06,2.89,37.66,1968,No Promotion
2014-11-11T00:00:00.000Z,2014,Nov,Tue,56303.366574580374,54996.866607590731,1497,37.61,1306.50,2.32,0.87,2.38,37.75,2016,No Promotion
2014-11-12T00:00:00.000Z,2014,Nov,Wed,49436.815864520373,48289.892276094746,1314,37.62,1146.92,2.32,0.87,2.38,37.61,1497,No Promotion
2014-11-13T00:00:00.000Z,2014,Nov,Thu,55033.122403980371,53997.218873107588,1466,37.54,1035.90,1.88,0.71,1.92,37.62,1314,Promotion
2014-11-14T00:00:00.000Z,2014,Nov,Fri,149808.165944726380,146994.895501131540,3984,37.60,2813.27,1.88,0.71,1.91,37.54,1466,No Promotion
2014-11-15T00:00:00.000Z,2014,Nov,Sat,180685.510729910310,176898.277820370740,4802,37.63,3787.23,2.10,0.79,2.14,37.60,3984,No Promotion
2014-11-16T00:00:00.000Z,2014,Nov,Sun,75871.436765220482,73905.810158820022,2017,37.62,1965.63,2.59,0.97,2.66,37.63,4802,No Promotion
2014-11-17T00:00:00.000Z,2014,Nov,Mon,86313.334083170121,84418.789109310630,2297,37.58,1894.54,2.19,0.82,2.24,37.62,2017,Promotion
2014-11-18T00:00:00.000Z,2014,Nov,Tue,62631.798752070368,61158.361090192768,1665,37.62,1473.44,2.35,0.88,2.41,37.58,2297,No Promotion
2014-11-19T00:00:00.000Z,2014,Nov,Wed,48529.103360340247,47409.554056467168,1291,37.59,1119.55,2.31,0.87,2.36,37.62,1665,No Promotion
2014-11-20T00:00:00.000Z,2014,Nov,Thu,51040.881368070251,50038.142634161086,1361,37.50,1002.74,1.96,0.74,2.00,37.59,1291,Promotion
2014-11-21T00:00:00.000Z,2014,Nov,Fri,53973.922240020001,47192.498284101879,1281,42.13,6781.42,12.56,5.29,14.37,37.50,1361,No Promotion
2014-11-22T00:00:00.000Z,2014,Nov,Sat,47497.982533509879,41179.088245459163,1122,42.33,6318.89,13.30,5.63,15.34,42.13,1281,No Promotion
2014-11-23T00:00:00.000Z,2014,Nov,Sun,31219.951528719885,26893.304677301025,737,42.36,4326.65,13.86,5.87,16.09,42.33,1122,No Promotion
2014-11-24T00:00:00.000Z,2014,Nov,Mon,26870.323873470003,23516.041718095501,641,41.92,3354.28,12.48,5.23,14.26,42.36,737,No Promotion
2014-11-25T00:00:00.000Z,2014,Nov,Tue,40530.642292680008,35674.190763166298,968,41.87,4856.45,11.98,5.02,13.61,41.92,641,Promotion
2014-11-26T00:00:00.000Z,2014,Nov,Wed,30371.431335049881,26054.849168281442,709,42.84,4316.58,14.21,6.09,16.57,41.87,968,No Promotion
2014-11-27T00:00:00.000Z,2014,Nov,Thu,37776.658766749882,32719.689636421641,880,42.93,5056.97,13.39,5.75,15.46,42.84,709,No Promotion
2014-11-28T00:00:00.000Z,2014,Nov,Fri,46818.205322610003,40652.576408851382,1096,42.72,6165.63,13.17,5.63,15.17,42.93,880,Promotion
2014-11-29T00:00:00.000Z,2014,Nov,Sat,88321.625549760734,79880.243682936474,2068,42.71,8441.38,9.56,4.08,10.57,42.72,1096,Promotion
2014-11-30T00:00:00.000Z,2014,Nov,Sun,101037.827829791600,93177.884704390279,2375,42.54,7859.94,7.78,3.31,8.44,42.71,2068,Promotion
2014-12-01T00:00:00.000Z,2014,Dec,Mon,105100.667648511470,97257.394665729371,2492,42.18,7843.27,7.46,3.15,8.06,42.54,2375,Promotion
2014-12-02T00:00:00.000Z,2014,Dec,Tue,88219.525488129890,85533.428923318512,2170,40.65,2686.10,3.04,1.24,3.14,42.18,2492,No Promotion
2014-12-03T00:00:00.000Z,2014,Dec,Wed,71590.369289220369,69654.930305904010,1784,40.13,1935.44,2.70,1.08,2.78,40.65,2170,No Promotion
2014-12-04T00:00:00.000Z,2014,Dec,Thu,54996.621692620247,54503.028547504560,1368,40.20,493.59,0.90,0.36,0.91,40.13,1784,No Promotion
2014-12-05T00:00:00.000Z,2014,Dec,Fri,77884.181609825493,77619.294889390410,1914,40.69,264.89,0.34,0.14,0.34,40.20,1368,No Promotion
2014-12-06T00:00:00.000Z,2014,Dec,Sat,150370.116723676360,154998.834581876810,3765,39.94,-4628.72,-3.08,-1.23,-2.99,40.69,1914,Promotion
2014-12-07T00:00:00.000Z,2014,Dec,Sun,104675.376115349170,111903.737902479290,2712,38.60,-7228.36,-6.91,-2.67,-6.46,39.94,3765,No Promotion
2014-12-08T00:00:00.000Z,2014,Dec,Mon,90121.530475064763,91081.668194086160,2222,40.56,-960.14,-1.07,-0.43,-1.05,38.60,2712,No Promotion
2014-12-09T00:00:00.000Z,2014,Dec,Tue,75425.443698290488,77014.255960305571,1861,40.53,-1588.81,-2.11,-0.85,-2.06,40.56,2222,No Promotion
2014-12-10T00:00:00.000Z,2014,Dec,Wed,161844.809435673670,169348.518584864770,4095,39.52,-7503.71,-4.64,-1.83,-4.43,40.53,1861,Promotion
2014-12-11T00:00:00.000Z,2014,Dec,Thu,158603.356968003650,171692.993606533480,4157,38.15,-13089.64,-8.25,-3.15,-7.62,39.52,4095,Promotion
2014-12-12T00:00:00.000Z,2014,Dec,Fri,279092.095956450150,301236.109879810010,7259,38.45,-22144.01,-7.93,-3.05,-7.35,38.15,4157,No Promotion
2014-12-13T00:00:00.000Z,2014,Dec,Sat,369350.989480898190,402564.678627585240,9654,38.26,-33213.69,-8.99,-3.44,-8.25,38.45,7259,Promotion
2014-12-14T00:00:00.000Z,2014,Dec,Sun,177500.107725608660,192327.320656121740,4632,38.32,-14827.21,-8.35,-3.20,-7.71,38.26,9654,No Promotion
2014-12-15T00:00:00.000Z,2014,Dec,Mon,282246.628678287550,304489.638251931000,7341,38.45,-22243.01,-7.88,-3.03,-7.31,38.32,4632,No Promotion
2014-12-16T00:00:00.000Z,2014,Dec,Tue,166037.925729513660,179571.129079940960,4308,38.54,-13533.20,-8.15,-3.14,-7.54,38.45,7341,No Promotion
2014-12-17T00:00:00.000Z,2014,Dec,Wed,148910.998360158640,161137.522003047520,3865,38.53,-12226.52,-8.21,-3.16,-7.59,38.54,4308,No Promotion
2014-12-18T00:00:00.000Z,2014,Dec,Thu,202359.142899871220,221435.768649636010,5288,38.27,-19076.63,-9.43,-3.61,-8.61,38.53,3865,Promotion
2014-12-19T00:00:00.000Z,2014,Dec,Fri,274343.654345233810,299516.837764982660,7141,38.42,-25173.18,-9.18,-3.53,-8.40,38.27,5288,No Promotion
2014-12-20T00:00:00.000Z,2014,Dec,Sat,316167.074658572730,346378.304767848230,8268,38.24,-30211.23,-9.56,-3.65,-8.72,38.42,7141,Promotion
2014-12-21T00:00:00.000Z,2014,Dec,Sun,173833.400128413660,190644.501568691690,4541,38.28,-16811.10,-9.67,-3.70,-8.82,38.24,8268,No Promotion
2014-12-22T00:00:00.000Z,2014,Dec,Mon,204565.081835411520,210188.909410447900,5014,40.80,-5623.83,-2.75,-1.12,-2.68,38.28,4541,No Promotion
2014-12-23T00:00:00.000Z,2014,Dec,Tue,316394.730857309250,326627.138416375620,7778,40.68,-10232.41,-3.23,-1.32,-3.13,40.80,5014,Promotion
2014-12-24T00:00:00.000Z,2014,Dec,Wed,486230.320193627620,495909.089563395890,11809,41.17,-9678.77,-1.99,-0.82,-1.95,40.68,7778,No Promotion
2014-12-25T00:00:00.000Z,2014,Dec,Thu,137686.532100606390,140525.786741103420,3344,41.17,-2839.25,-2.06,-0.85,-2.02,41.17,11809,No Promotion
2014-12-26T00:00:00.000Z,2014,Dec,Fri,48102.962409030246,49028.365072183806,1169,41.15,-925.40,-1.92,-0.79,-1.89,41.17,3344,No Promotion
2014-12-27T00:00:00.000Z,2014,Dec,Sat,110162.131982548060,112383.559247306330,2676,41.17,-2221.43,-2.02,-0.83,-1.98,41.15,1169,No Promotion
2014-12-28T00:00:00.000Z,2014,Dec,Sun,69051.337093420370,70482.717802969084,1677,41.18,-1431.38,-2.07,-0.85,-2.03,41.17,2676,No Promotion
2014-12-29T00:00:00.000Z,2014,Dec,Mon,133307.368962827580,136003.482525751780,3237,41.18,-2696.11,-2.02,-0.83,-1.98,41.18,1677,No Promotion
2014-12-30T00:00:00.000Z,2014,Dec,Tue,216389.504268855030,235723.764753908180,5607,38.59,-19334.26,-8.93,-3.45,-8.20,41.18,3237,Promotion
2014-12-31T00:00:00.000Z,2014,Dec,Wed,365055.312012721840,398013.348330372130,9464,38.57,-32958.04,-9.03,-3.48,-8.28,38.59,5607,Promotion
2015-01-01T00:00:00.000Z,2015,Jan,Thu,112161.419616753050,122170.431684627740,2905,38.61,-10009.01,-8.92,-3.45,-8.19,38.57,9464,No Promotion
2015-01-02T00:00:00.000Z,2015,Jan,Fri,271101.461670312740,295019.469429590330,7023,38.60,-23918.01,-8.82,-3.41,-8.11,38.61,2905,Promotion
2015-01-03T00:00:00.000Z,2015,Jan,Sat,245813.288312123970,267734.725255370720,6371,38.58,-21921.44,-8.92,-3.44,-8.19,38.60,7023,No Promotion
2015-01-04T00:00:00.000Z,2015,Jan,Sun,178394.811997548680,194427.447973502310,4624,38.58,-16032.64,-8.99,-3.47,-8.25,38.58,6371,No Promotion
2015-01-05T00:00:00.000Z,2015,Jan,Mon,220443.631484265030,239988.027460387330,5717,38.56,-19544.40,-8.87,-3.42,-8.14,38.58,4624,Promotion
2015-01-06T00:00:00.000Z,2015,Jan,Tue,181534.188672678630,197328.943910810690,4705,38.58,-15794.76,-8.70,-3.36,-8.00,38.56,5717,No Promotion
2015-01-07T00:00:00.000Z,2015,Jan,Wed,83176.481393400245,84728.831196631072,2020,41.18,-1552.35,-1.87,-0.77,-1.83,38.58,4705,No Promotion
2015-01-08T00:00:00.000Z,2015,Jan,Thu,76894.779348705371,78468.095499687464,1868,41.16,-1573.32,-2.05,-0.84,-2.01,41.18,2020,No Promotion
2015-01-09T00:00:00.000Z,2015,Jan,Fri,123859.387956737570,126444.142518280950,3008,41.18,-2584.75,-2.09,-0.86,-2.04,41.16,1868,No Promotion
2015-01-10T00:00:00.000Z,2015,Jan,Sat,120807.574158327330,123392.804067780710,2934,41.18,-2585.23,-2.14,-0.88,-2.10,41.18,3008,No Promotion
2015-01-11T00:00:00.000Z,2015,Jan,Sun,69597.367349330380,71051.363502932756,1690,41.18,-1454.00,-2.09,-0.86,-2.05,41.18,2934,No Promotion
2015-01-12T00:00:00.000Z,2015,Jan,Mon,84738.294411260125,86467.537750281685,2058,41.18,-1729.24,-2.04,-0.84,-2.00,41.18,1690,No Promotion
2015-01-13T00:00:00.000Z,2015,Jan,Tue,64653.972138140365,65980.422089859814,1570,41.18,-1326.45,-2.05,-0.84,-2.01,41.18,2058,No Promotion
2015-01-14T00:00:00.000Z,2015,Jan,Wed,59553.386031020251,60703.356028777598,1446,41.18,-1149.97,-1.93,-0.80,-1.89,41.18,1570,No Promotion
2015-01-15T00:00:00.000Z,2015,Jan,Thu,79080.756957730366,80337.748312174546,1921,41.17,-1256.99,-1.59,-0.65,-1.56,41.18,1446,Promotion
2015-01-16T00:00:00.000Z,2015,Jan,Fri,149444.056787453940,152030.986480535210,3629,41.18,-2586.93,-1.73,-0.71,-1.70,41.17,1921,No Promotion
2015-01-17T00:00:00.000Z,2015,Jan,Sat,170624.079935891520,173547.027110042430,4144,41.17,-2922.95,-1.71,-0.71,-1.68,41.18,3629,Promotion
2015-01-18T00:00:00.000Z,2015,Jan,Sun,74744.283149260489,76003.928254213824,1815,41.18,-1259.65,-1.69,-0.69,-1.66,41.17,4144,No Promotion
2015-01-19T00:00:00.000Z,2015,Jan,Mon,90144.161401489764,91110.969347994804,2189,41.18,-966.81,-1.07,-0.44,-1.06,41.18,1815,No Promotion
2015-01-20T00:00:00.000Z,2015,Jan,Tue,97826.808800979037,99134.306988593540,2376,41.17,-1307.50,-1.34,-0.55,-1.32,41.18,2189,Promotion
2015-01-21T00:00:00.000Z,2015,Jan,Wed,62795.979145920370,64144.088875245921,1525,41.18,-1348.11,-2.15,-0.88,-2.10,41.17,2376,No Promotion
2015-01-22T00:00:00.000Z,2015,Jan,Thu,66550.989827080368,67952.150554841501,1616,41.18,-1401.16,-2.11,-0.87,-2.06,41.18,1525,No Promotion
2015-01-23T00:00:00.000Z,2015,Jan,Fri,154670.890700753920,158031.791043172040,3757,41.17,-3360.90,-2.17,-0.89,-2.13,41.18,1616,Promotion
2015-01-24T00:00:00.000Z,2015,Jan,Sat,158722.105625363940,162082.418438514370,3855,41.17,-3360.31,-2.12,-0.87,-2.07,41.17,3757,No Promotion
2015-01-25T00:00:00.000Z,2015,Jan,Sun,78092.276922030491,79795.043103160700,1897,41.17,-1702.77,-2.18,-0.90,-2.13,41.17,3855,No Promotion
2015-01-26T00:00:00.000Z,2015,Jan,Mon,91830.402043779875,93808.086746872388,2230,41.18,-1977.68,-2.15,-0.89,-2.11,41.17,1897,No Promotion
2015-01-27T00:00:00.000Z,2015,Jan,Tue,76992.935683210482,78614.457753375827,1870,41.17,-1621.52,-2.11,-0.87,-2.06,41.18,2230,No Promotion
2015-01-28T00:00:00.000Z,2015,Jan,Wed,59897.715879940370,61194.180255889565,1455,41.17,-1296.46,-2.16,-0.89,-2.12,41.17,1870,No Promotion
2015-01-29T00:00:00.000Z,2015,Jan,Thu,57310.194042320363,58531.410985186470,1392,41.17,-1221.22,-2.13,-0.88,-2.09,41.17,1455,No Promotion
2015-01-30T00:00:00.000Z,2015,Jan,Fri,134540.214465737580,137221.537473577250,3268,41.17,-2681.32,-1.99,-0.82,-1.95,41.17,1392,No Promotion
2015-01-31T00:00:00.000Z,2015,Jan,Sat,200193.611999160320,203814.736389084950,4862,41.18,-3621.12,-1.81,-0.74,-1.78,41.17,3268,No Promotion
2015-02-01T00:00:00.000Z,2015,Feb,Sun,171469.930529662760,174652.457989964260,4165,41.17,-3182.53,-1.86,-0.76,-1.82,41.18,4862,No Promotion
2015-02-02T00:00:00.000Z,2015,Feb,Mon,151737.218832465150,154148.598813021530,3685,41.18,-2411.38,-1.59,-0.65,-1.56,41.17,4165,No Promotion
2015-02-03T00:00:00.000Z,2015,Feb,Tue,102072.443405578920,103634.964229016040,2479,41.17,-1562.52,-1.53,-0.63,-1.51,41.18,3685,No Promotion
2015-02-04T00:00:00.000Z,2015,Feb,Wed,82514.105120030377,83232.391367362128,2005,41.15,-718.29,-0.87,-0.36,-0.86,41.17,2479,No Promotion
2015-02-05T00:00:00.000Z,2015,Feb,Thu,46211.332458070247,46407.299117268973,1122,41.19,-195.97,-0.42,-0.17,-0.42,41.15,2005,No Promotion
2015-02-06T00:00:00.000Z,2015,Feb,Fri,85730.414810460134,85765.709336061569,2082,41.18,-35.29,-0.04,-0.02,-0.04,41.19,1122,Promotion
2015-02-07T00:00:00.000Z,2015,Feb,Sat,105918.293290608450,105662.556240900160,2573,41.17,255.74,0.24,0.10,0.24,41.18,2082,Promotion
2015-02-08T00:00:00.000Z,2015,Feb,Sun,73041.660871220491,73046.233899676779,1774,41.17,-4.57,-0.01,0.00,-0.01,41.17,2573,No Promotion
2015-02-09T00:00:00.000Z,2015,Feb,Mon,97908.547096098671,97097.936590193072,2378,41.17,810.61,0.83,0.34,0.83,41.17,1774,No Promotion
2015-02-10T00:00:00.000Z,2015,Feb,Tue,138667.415911136370,148522.849020419900,3677,37.71,-9855.43,-7.11,-2.68,-6.64,41.17,2378,Promotion
2015-02-11T00:00:00.000Z,2015,Feb,Wed,162162.103518323970,173661.827835086440,4299,37.72,-11499.72,-7.09,-2.67,-6.62,37.71,3677,No Promotion
2015-02-12T00:00:00.000Z,2015,Feb,Thu,138520.126803926370,147756.342793815220,3674,37.70,-9236.22,-6.67,-2.51,-6.25,37.72,4299,No Promotion
2015-02-13T00:00:00.000Z,2015,Feb,Fri,358597.428509158490,382447.080417085030,9505,37.73,-23849.65,-6.65,-2.51,-6.24,37.70,3674,No Promotion
2015-02-14T00:00:00.000Z,2015,Feb,Sat,424009.882517061200,451548.027559624400,11237,37.73,-27538.15,-6.49,-2.45,-6.10,37.73,9505,No Promotion
2015-02-15T00:00:00.000Z,2015,Feb,Sun,203861.472378125440,217065.615160827320,5406,37.71,-13204.14,-6.48,-2.44,-6.08,37.73,11237,No Promotion
2015-02-16T00:00:00.000Z,2015,Feb,Mon,220506.209332815460,234723.220045322320,5846,37.72,-14217.01,-6.45,-2.43,-6.06,37.71,5406,No Promotion
2015-02-17T00:00:00.000Z,2015,Feb,Tue,139935.936976345170,148697.543695989590,3713,37.69,-8761.61,-6.26,-2.36,-5.89,37.72,5846,No Promotion
2015-02-18T00:00:00.000Z,2015,Feb,Wed,161064.752344883950,170739.366623168350,4270,37.72,-9674.61,-6.01,-2.27,-5.67,37.69,3713,No Promotion
2015-02-19T00:00:00.000Z,2015,Feb,Thu,144328.545189985160,152824.114898404600,3827,37.71,-8495.57,-5.89,-2.22,-5.56,37.72,4270,No Promotion
2015-02-20T00:00:00.000Z,2015,Feb,Fri,293071.759196403320,310240.378395340580,7770,37.72,-17168.62,-5.86,-2.21,-5.53,37.71,3827,No Promotion
2015-02-21T00:00:00.000Z,2015,Feb,Sat,267782.153961908190,283430.336833763230,7102,37.71,-15648.18,-5.84,-2.20,-5.52,37.72,7770,No Promotion
2015-02-22T00:00:00.000Z,2015,Feb,Sun,136052.688423625160,144020.122759740100,3608,37.71,-7967.43,-5.86,-2.21,-5.53,37.71,7102,No Promotion
2015-02-23T00:00:00.000Z,2015,Feb,Mon,86703.314090379165,85730.966539282686,2150,40.33,972.35,1.12,0.45,1.13,37.71,3608,No Promotion
2015-02-24T00:00:00.000Z,2015,Feb,Tue,95474.357369099642,100867.524060755900,2530,37.74,-5393.17,-5.65,-2.13,-5.35,40.33,2150,Promotion
2015-02-25T00:00:00.000Z,2015,Feb,Wed,198431.627526981490,209499.794109120970,5253,37.77,-11068.17,-5.58,-2.11,-5.28,37.74,2530,No Promotion
2015-02-26T00:00:00.000Z,2015,Feb,Thu,157291.733998945160,166305.037627470450,4171,37.71,-9013.30,-5.73,-2.16,-5.42,37.77,5253,No Promotion
2015-02-27T00:00:00.000Z,2015,Feb,Fri,307540.675156236980,324997.336478028160,8156,37.71,-17456.66,-5.68,-2.14,-5.37,37.71,4171,No Promotion
2015-02-28T00:00:00.000Z,2015,Feb,Sat,350898.763510269690,375030.635452059160,9296,37.75,-24131.87,-6.88,-2.60,-6.43,37.71,8156,No Promotion
2015-03-01T00:00:00.000Z,2015,Mar,Sun,256701.542733340610,276569.250392359510,6803,37.73,-19867.71,-7.74,-2.92,-7.18,37.75,9296,No Promotion
2015-03-02T00:00:00.000Z,2015,Mar,Mon,234705.592779103030,252709.823069759760,6221,37.73,-18004.23,-7.67,-2.89,-7.12,37.73,6803,No Promotion
2015-03-03T00:00:00.000Z,2015,Mar,Tue,249380.565447579230,268761.832356944450,6611,37.72,-19381.27,-7.77,-2.93,-7.21,37.73,6221,Promotion
2015-03-04T00:00:00.000Z,2015,Mar,Wed,258211.444167697890,278825.606678536510,6843,37.73,-20614.16,-7.98,-3.01,-7.39,37.72,6611,No Promotion
2015-03-05T00:00:00.000Z,2015,Mar,Thu,145975.833942825150,157578.005866527990,3858,37.84,-11602.17,-7.95,-3.01,-7.36,37.73,6843,No Promotion
2015-03-06T00:00:00.000Z,2015,Mar,Fri,269239.852583668190,291365.017554398570,7128,37.77,-22125.16,-8.22,-3.10,-7.59,37.84,3858,Promotion
2015-03-07T00:00:00.000Z,2015,Mar,Sat,306920.211601292130,332242.411551486000,8127,37.77,-25322.20,-8.25,-3.12,-7.62,37.77,7128,No Promotion
2015-03-08T00:00:00.000Z,2015,Mar,Sun,122106.795622386370,121394.812201172240,2966,41.17,711.98,0.58,0.24,0.59,37.77,8127,No Promotion
2015-03-09T00:00:00.000Z,2015,Mar,Mon,117661.280792547080,116861.158273551470,2858,41.17,800.12,0.68,0.28,0.68,41.17,2966,No Promotion
2015-03-10T00:00:00.000Z,2015,Mar,Tue,62499.799171560371,62073.872654165207,1518,41.17,425.93,0.68,0.28,0.69,41.17,2858,No Promotion
2015-03-11T00:00:00.000Z,2015,Mar,Wed,57063.984124270370,56638.281370608107,1386,41.17,425.70,0.75,0.31,0.75,41.17,1518,No Promotion
2015-03-12T00:00:00.000Z,2015,Mar,Thu,48008.482841660247,47681.672078871583,1166,41.17,326.81,0.68,0.28,0.69,41.17,1386,No Promotion
2015-03-13T00:00:00.000Z,2015,Mar,Fri,117446.839113308310,116681.141551658690,2853,41.17,765.70,0.65,0.27,0.66,41.17,1166,No Promotion
2015-03-14T00:00:00.000Z,2015,Mar,Sat,150591.547900835170,149573.827592689600,3657,41.18,1017.72,0.68,0.28,0.68,41.17,2853,No Promotion
2015-03-15T00:00:00.000Z,2015,Mar,Sun,67152.474953640369,66802.983217839879,1631,41.17,349.49,0.52,0.21,0.52,41.18,3657,No Promotion
2015-03-16T00:00:00.000Z,2015,Mar,Mon,80635.289248590489,80121.290522541603,1959,41.16,514.00,0.64,0.26,0.64,41.17,1631,Promotion
2015-03-17T00:00:00.000Z,2015,Mar,Tue,50669.637098340369,50308.957054208026,1230,41.19,360.68,0.71,0.29,0.72,41.16,1959,No Promotion
2015-03-18T00:00:00.000Z,2015,Mar,Wed,48648.992664940248,48362.068791947771,1182,41.16,286.92,0.59,0.24,0.59,41.19,1230,No Promotion
2015-03-19T00:00:00.000Z,2015,Mar,Thu,43213.177617650246,42981.216847754557,1050,41.16,231.96,0.54,0.22,0.54,41.16,1182,No Promotion
2015-03-20T00:00:00.000Z,2015,Mar,Fri,96881.018094589395,96453.287284883205,2353,41.17,427.73,0.44,0.18,0.44,41.16,1050,No Promotion
2015-03-21T00:00:00.000Z,2015,Mar,Sat,121360.885141236370,120829.287971070390,2947,41.18,531.60,0.44,0.18,0.44,41.17,2353,No Promotion
2015-03-22T00:00:00.000Z,2015,Mar,Sun,66954.366371970376,66756.376443642119,1626,41.18,197.99,0.30,0.12,0.30,41.18,2947,No Promotion
2015-03-23T00:00:00.000Z,2015,Mar,Mon,81342.150763930375,81132.012897235923,1976,41.17,210.14,0.26,0.11,0.26,41.18,1626,Promotion
2015-03-24T00:00:00.000Z,2015,Mar,Tue,125060.707911736380,136375.152713516670,3312,37.76,-11314.44,-9.05,-3.42,-8.30,41.17,1976,Promotion
2015-03-25T00:00:00.000Z,2015,Mar,Wed,253218.831241984240,276194.829484042710,6704,37.77,-22976.00,-9.07,-3.43,-8.32,37.76,3312,No Promotion
2015-03-26T00:00:00.000Z,2015,Mar,Thu,229184.471880466680,250361.150209325710,6077,37.71,-21176.68,-9.24,-3.48,-8.46,37.77,6704,No Promotion
2015-03-27T00:00:00.000Z,2015,Mar,Fri,354191.350950569730,386464.651326986090,9386,37.74,-32273.30,-9.11,-3.44,-8.35,37.71,6077,No Promotion
2015-03-28T00:00:00.000Z,2015,Mar,Sat,459484.666635486360,501362.572490348310,12181,37.72,-41877.91,-9.11,-3.44,-8.35,37.74,9386,Promotion
2015-03-29T00:00:00.000Z,2015,Mar,Sun,224102.888470814240,244359.807462232940,5937,37.75,-20256.92,-9.04,-3.41,-8.29,37.72,12181,No Promotion
2015-03-30T00:00:00.000Z,2015,Mar,Mon,215203.558782357900,234819.447426689180,5706,37.72,-19615.89,-9.12,-3.44,-8.35,37.75,5937,No Promotion
2015-03-31T00:00:00.000Z,2015,Mar,Tue,355534.912042066980,386988.914748483920,9421,37.74,-31454.00,-8.85,-3.34,-8.13,37.72,5706,No Promotion
2015-04-01T00:00:00.000Z,2015,Apr,Wed,498894.343930156380,542483.835805508890,13207,37.77,-43589.49,-8.74,-3.30,-8.04,37.74,9421,No Promotion
2015-04-02T00:00:00.000Z,2015,Apr,Thu,715032.189870242960,777522.192751015770,18936,37.76,-62490.00,-8.74,-3.30,-8.04,37.77,13207,Promotion
2015-04-03T00:00:00.000Z,2015,Apr,Fri,510289.215605129080,554159.819413426910,13503,37.79,-43870.60,-8.60,-3.25,-7.92,37.76,18936,No Promotion
2015-04-04T00:00:00.000Z,2015,Apr,Sat,400302.039492410960,434872.728910345820,10600,37.76,-34570.69,-8.64,-3.26,-7.95,37.79,13503,No Promotion
2015-04-05T00:00:00.000Z,2015,Apr,Sun,135578.203445037590,147335.925053665880,3591,37.75,-11757.72,-8.67,-3.27,-7.98,37.76,10600,No Promotion
2015-04-06T00:00:00.000Z,2015,Apr,Mon,182466.255208660320,198405.229112325700,4836,37.73,-15938.97,-8.74,-3.30,-8.03,37.75,3591,Promotion
2015-04-07T00:00:00.000Z,2015,Apr,Tue,176814.202569470300,178390.149061553760,4348,40.67,-1575.95,-0.89,-0.36,-0.88,37.73,4836,No Promotion
2015-04-08T00:00:00.000Z,2015,Apr,Wed,100917.671565198790,100579.128948365110,2451,41.17,338.54,0.34,0.14,0.34,40.67,4348,No Promotion
2015-04-09T00:00:00.000Z,2015,Apr,Thu,74690.672729450496,74427.585972183966,1814,41.17,263.09,0.35,0.15,0.35,41.17,2451,No Promotion
2015-04-10T00:00:00.000Z,2015,Apr,Fri,114067.077101727470,113653.973563220310,2770,41.18,413.10,0.36,0.15,0.36,41.17,1814,No Promotion
2015-04-11T00:00:00.000Z,2015,Apr,Sat,126507.800941166370,126043.769159337490,3072,41.18,464.03,0.37,0.15,0.37,41.18,2770,No Promotion
2015-04-12T00:00:00.000Z,2015,Apr,Sun,79648.629394640506,79349.402451342714,1934,41.18,299.23,0.38,0.15,0.38,41.18,3072,No Promotion
2015-04-13T00:00:00.000Z,2015,Apr,Mon,83137.432427590247,82700.354170302948,2019,41.18,437.08,0.53,0.22,0.53,41.18,1934,No Promotion
2015-04-14T00:00:00.000Z,2015,Apr,Tue,40776.027061670247,39940.199579223205,979,41.65,835.83,2.05,0.85,2.09,41.18,2019,No Promotion
2015-04-15T00:00:00.000Z,2015,Apr,Wed,58278.457926050367,56969.922594239448,1398,41.69,1308.54,2.25,0.94,2.30,41.65,979,No Promotion
2015-04-16T00:00:00.000Z,2015,Apr,Thu,50000.101443420244,48827.885381172753,1198,41.74,1172.22,2.34,0.98,2.40,41.69,1398,No Promotion
2015-04-17T00:00:00.000Z,2015,Apr,Fri,103911.919082128200,101408.949586720230,2485,41.82,2502.97,2.41,1.01,2.47,41.74,1198,No Promotion
2015-04-18T00:00:00.000Z,2015,Apr,Sat,132843.222616576360,129545.532123517200,3172,41.88,3297.69,2.48,1.04,2.55,41.82,2485,No Promotion
2015-04-19T00:00:00.000Z,2015,Apr,Sun,62786.611277180004,61213.255905066573,1497,41.94,1573.36,2.51,1.05,2.57,41.88,3172,No Promotion
2015-04-20T00:00:00.000Z,2015,Apr,Mon,57233.406641560126,55706.875425596525,1365,41.93,1526.53,2.67,1.12,2.74,41.94,1497,No Promotion
2015-04-21T00:00:00.000Z,2015,Apr,Tue,56874.345455010007,55172.171225548656,1353,42.04,1702.17,2.99,1.26,3.09,41.93,1365,No Promotion
2015-04-22T00:00:00.000Z,2015,Apr,Wed,132737.737016898640,140263.930102391870,3439,38.60,-7526.19,-5.67,-2.19,-5.37,42.04,1353,Promotion
2015-04-23T00:00:00.000Z,2015,Apr,Thu,60310.338948120007,58446.054929901366,1434,42.06,1864.28,3.09,1.30,3.19,38.60,3439,No Promotion
2015-04-24T00:00:00.000Z,2015,Apr,Fri,343587.008478719220,362390.596041908250,8892,38.64,-18803.59,-5.47,-2.11,-5.19,42.06,1434,Promotion
2015-04-25T00:00:00.000Z,2015,Apr,Sat,496882.315023702740,535306.009870188190,13144,37.80,-38423.69,-7.73,-2.92,-7.18,38.64,8892,Promotion
2015-04-26T00:00:00.000Z,2015,Apr,Sun,200369.829861661240,210964.768086996510,5179,38.69,-10594.94,-5.29,-2.05,-5.02,37.80,13144,No Promotion
2015-04-27T00:00:00.000Z,2015,Apr,Mon,194028.061819216240,204053.498934647160,5014,38.70,-10025.44,-5.17,-2.00,-4.91,38.69,5179,No Promotion
2015-04-28T00:00:00.000Z,2015,Apr,Tue,190560.579181832440,200804.036845099940,4936,38.61,-10243.46,-5.38,-2.08,-5.10,38.70,5014,No Promotion
2015-04-29T00:00:00.000Z,2015,Apr,Wed,198985.399622612430,209483.875808772830,5150,38.64,-10498.48,-5.28,-2.04,-5.01,38.61,4936,No Promotion
2015-04-30T00:00:00.000Z,2015,Apr,Thu,385482.872025708200,406252.007593416430,9986,38.60,-20769.14,-5.39,-2.08,-5.11,38.64,5150,Promotion
2015-05-01T00:00:00.000Z,2015,May,Fri,499703.414718030140,526206.937172216480,12937,38.63,-26503.52,-5.30,-2.05,-5.04,38.60,9986,No Promotion
2015-05-02T00:00:00.000Z,2015,May,Sat,461667.003881012560,496852.801993075700,12217,37.79,-35185.80,-7.62,-2.88,-7.08,38.63,12937,No Promotion
2015-05-03T00:00:00.000Z,2015,May,Sun,259541.608721513940,273280.046370404660,6721,38.62,-13738.44,-5.29,-2.04,-5.03,37.79,12217,No Promotion
2015-05-04T00:00:00.000Z,2015,May,Mon,320309.274401586680,336742.602365385740,8283,38.67,-16433.33,-5.13,-1.98,-4.88,38.62,6721,No Promotion
2015-05-05T00:00:00.000Z,2015,May,Tue,239922.998150950180,251700.966401201790,6191,38.75,-11777.97,-4.91,-1.90,-4.68,38.67,8283,No Promotion
2015-05-06T00:00:00.000Z,2015,May,Wed,224994.195070155430,242259.859539666210,5959,37.76,-17265.66,-7.67,-2.90,-7.13,38.75,6191,No Promotion
2015-05-07T00:00:00.000Z,2015,May,Thu,117197.971729903690,115769.086327881440,2848,41.15,1428.89,1.22,0.50,1.23,37.76,5959,No Promotion
2015-05-08T00:00:00.000Z,2015,May,Fri,330589.199812859700,355565.041734477680,8748,37.79,-24975.84,-7.55,-2.86,-7.02,41.15,2848,Promotion
2015-05-09T00:00:00.000Z,2015,May,Sat,389972.119755710010,419827.136522226500,10329,37.76,-29855.02,-7.66,-2.89,-7.11,37.79,8748,Promotion
2015-05-10T00:00:00.000Z,2015,May,Sun,166536.000263570280,179243.051833399860,4410,37.76,-12707.05,-7.63,-2.88,-7.09,37.76,10329,No Promotion
2015-05-11T00:00:00.000Z,2015,May,Mon,198442.912653827890,213676.428425930240,5257,37.75,-15233.52,-7.68,-2.90,-7.13,37.76,4410,Promotion
2015-05-12T00:00:00.000Z,2015,May,Tue,193182.150552712760,208039.173445554770,5118,37.75,-14857.02,-7.69,-2.90,-7.14,37.75,5257,No Promotion
2015-05-13T00:00:00.000Z,2015,May,Wed,166403.126995822730,179221.572293639970,4410,37.73,-12818.45,-7.70,-2.91,-7.15,37.75,5118,No Promotion
2015-05-14T00:00:00.000Z,2015,May,Thu,149178.601481033950,160620.207140872900,3952,37.75,-11441.61,-7.67,-2.90,-7.12,37.73,4410,No Promotion
2015-05-15T00:00:00.000Z,2015,May,Fri,380592.577583427250,409812.432663688610,10084,37.74,-29219.86,-7.68,-2.90,-7.13,37.75,3952,Promotion
2015-05-16T00:00:00.000Z,2015,May,Sat,413700.178932341220,445569.719107405220,10964,37.73,-31869.54,-7.70,-2.91,-7.15,37.74,10084,Promotion
2015-05-17T00:00:00.000Z,2015,May,Sun,177159.673065619080,190811.577944237880,4695,37.73,-13651.90,-7.71,-2.91,-7.15,37.73,10964,No Promotion
2015-05-18T00:00:00.000Z,2015,May,Mon,196420.763536847900,211510.786120344880,5205,37.74,-15090.02,-7.68,-2.90,-7.13,37.73,4695,No Promotion
2015-05-19T00:00:00.000Z,2015,May,Tue,137940.872163805180,147846.052163396550,3638,37.92,-9905.18,-7.18,-2.72,-6.70,37.74,5205,No Promotion
2015-05-20T00:00:00.000Z,2015,May,Wed,166176.283811592730,178568.180480777460,4394,37.82,-12391.90,-7.46,-2.82,-6.94,37.92,3638,Promotion
2015-05-21T00:00:00.000Z,2015,May,Thu,84604.377572639161,81763.267389330111,2012,42.05,2841.11,3.36,1.41,3.47,37.82,4394,No Promotion
2015-05-22T00:00:00.000Z,2015,May,Fri,321821.020286760930,346487.520334167410,8526,37.75,-24666.50,-7.66,-2.89,-7.12,42.05,2012,Promotion
2015-05-23T00:00:00.000Z,2015,May,Sat,418715.410649930010,450936.279264294480,11096,37.74,-32220.87,-7.70,-2.90,-7.15,37.75,8526,Promotion
2015-05-24T00:00:00.000Z,2015,May,Sun,169541.265947361530,182419.141441623300,4489,37.77,-12877.88,-7.60,-2.87,-7.06,37.74,11096,No Promotion
2015-05-25T00:00:00.000Z,2015,May,Mon,256434.509936074260,276173.792451496700,6795,37.74,-19739.28,-7.70,-2.90,-7.15,37.77,4489,Promotion
2015-05-26T00:00:00.000Z,2015,May,Tue,199385.912414870310,214719.752819220880,5283,37.74,-15333.84,-7.69,-2.90,-7.14,37.74,6795,No Promotion
2015-05-27T00:00:00.000Z,2015,May,Wed,243554.224338555450,262251.080079407610,6453,37.74,-18696.86,-7.68,-2.90,-7.13,37.74,5283,No Promotion
2015-05-28T00:00:00.000Z,2015,May,Thu,217746.012919846660,234483.417009807310,5770,37.74,-16737.40,-7.69,-2.90,-7.14,37.74,6453,No Promotion
2015-05-29T00:00:00.000Z,2015,May,Fri,472160.752109748780,508265.146973741820,12507,37.75,-36104.39,-7.65,-2.89,-7.10,37.74,5770,No Promotion
2015-05-30T00:00:00.000Z,2015,May,Sat,546135.462415099030,588250.181150783320,14475,37.73,-42114.72,-7.71,-2.91,-7.16,37.75,12507,Promotion
2015-05-31T00:00:00.000Z,2015,May,Sun,264637.365279710620,284828.659656248750,7009,37.76,-20191.29,-7.63,-2.88,-7.09,37.73,14475,No Promotion
2015-06-01T00:00:00.000Z,2015,Jun,Mon,440905.998705970010,474967.327631214810,11688,37.72,-34061.33,-7.73,-2.91,-7.17,37.76,7009,Promotion
2015-06-02T00:00:00.000Z,2015,Jun,Tue,334318.897833152090,360168.827077008030,8863,37.72,-25849.93,-7.73,-2.92,-7.18,37.72,11688,No Promotion
2015-06-03T00:00:00.000Z,2015,Jun,Wed,269835.828626803010,290492.106280322420,7148,37.75,-20656.28,-7.66,-2.89,-7.11,37.72,8863,No Promotion
2015-06-04T00:00:00.000Z,2015,Jun,Thu,201146.489279830300,216428.500437961020,5326,37.77,-15282.01,-7.60,-2.87,-7.06,37.75,7148,No Promotion
2015-06-05T00:00:00.000Z,2015,Jun,Fri,293461.083938185770,315937.862196593720,7775,37.74,-22476.78,-7.66,-2.89,-7.11,37.77,5326,Promotion
2015-06-06T00:00:00.000Z,2015,Jun,Sat,349413.009820467270,376094.721805832700,9255,37.75,-26681.71,-7.64,-2.88,-7.09,37.74,7775,No Promotion
2015-06-07T00:00:00.000Z,2015,Jun,Sun,179602.915163190310,193348.591446228910,4758,37.75,-13745.68,-7.65,-2.89,-7.11,37.75,9255,No Promotion
2015-06-08T00:00:00.000Z,2015,Jun,Mon,109810.545675718070,106166.081621257810,2613,42.02,3644.46,3.32,1.39,3.43,37.75,4758,No Promotion
2015-06-09T00:00:00.000Z,2015,Jun,Tue,76956.920353649635,74212.790574549421,1830,42.05,2744.13,3.57,1.50,3.70,42.02,2613,No Promotion
2015-06-10T00:00:00.000Z,2015,Jun,Wed,71199.588402039517,68669.394963916289,1694,42.03,2530.19,3.55,1.49,3.68,42.05,1830,No Promotion
2015-06-11T00:00:00.000Z,2015,Jun,Thu,68988.346670324769,66539.165195767971,1642,42.01,2449.18,3.55,1.49,3.68,42.03,1694,No Promotion
2015-06-12T00:00:00.000Z,2015,Jun,Fri,155156.879228006380,149423.243580906680,3690,42.05,5733.64,3.70,1.55,3.84,42.01,1642,No Promotion
2015-06-13T00:00:00.000Z,2015,Jun,Sat,185109.523146013930,178347.369376849000,4404,42.03,6762.15,3.65,1.54,3.79,42.05,3690,Promotion
2015-06-14T00:00:00.000Z,2015,Jun,Sun,83779.544010808924,80659.821812082024,1992,42.06,3119.72,3.72,1.57,3.87,42.03,4404,No Promotion
2015-06-15T00:00:00.000Z,2015,Jun,Mon,149501.574530757590,143962.871892901920,3557,42.03,5538.70,3.70,1.56,3.85,42.06,1992,Promotion
2015-06-16T00:00:00.000Z,2015,Jun,Tue,100477.296792603670,96810.103581569099,2395,41.95,3667.19,3.65,1.53,3.79,42.03,3557,No Promotion
2015-06-17T00:00:00.000Z,2015,Jun,Wed,89072.705347079172,85639.307745994563,2120,42.02,3433.40,3.85,1.62,4.01,41.95,2395,No Promotion
2015-06-18T00:00:00.000Z,2015,Jun,Thu,78746.595857519525,75673.781987415670,1875,42.00,3072.81,3.90,1.64,4.06,42.02,2120,No Promotion
2015-06-19T00:00:00.000Z,2015,Jun,Fri,141913.382429546360,136017.750393757280,3376,42.04,5895.63,4.15,1.75,4.33,42.00,1875,No Promotion
2015-06-20T00:00:00.000Z,2015,Jun,Sat,169304.278283515160,162287.909224823990,4027,42.04,7016.37,4.14,1.74,4.32,42.04,3376,No Promotion
2015-06-21T00:00:00.000Z,2015,Jun,Sun,89512.242836068428,85781.807031229662,2128,42.06,3730.44,4.17,1.75,4.35,42.04,4027,No Promotion
2015-06-22T00:00:00.000Z,2015,Jun,Mon,85984.075339139163,82427.231536907115,2046,42.03,3556.84,4.14,1.74,4.32,42.06,2128,No Promotion
2015-06-23T00:00:00.000Z,2015,Jun,Tue,64956.462075899639,62169.777124857188,1546,42.02,2786.68,4.29,1.80,4.48,42.03,2046,No Promotion
2015-06-24T00:00:00.000Z,2015,Jun,Wed,106613.432835478540,113428.474274667390,2822,37.78,-6815.04,-6.39,-2.41,-6.01,42.02,1546,Promotion
2015-06-25T00:00:00.000Z,2015,Jun,Thu,183843.817295242740,195365.730719942800,4865,37.79,-11521.91,-6.27,-2.37,-5.90,37.78,2822,No Promotion
2015-06-26T00:00:00.000Z,2015,Jun,Fri,319579.794094355720,339241.691802456630,8450,37.82,-19661.90,-6.15,-2.33,-5.80,37.79,4865,No Promotion
2015-06-27T00:00:00.000Z,2015,Jun,Sat,369245.758706649710,392017.973450986610,9770,37.79,-22772.21,-6.17,-2.33,-5.81,37.82,8450,Promotion
2015-06-28T00:00:00.000Z,2015,Jun,Sun,185648.491096730310,197095.108742969430,4914,37.78,-11446.62,-6.17,-2.33,-5.81,37.79,9770,No Promotion
2015-06-29T00:00:00.000Z,2015,Jun,Mon,165557.761783852740,175871.110920522590,4385,37.76,-10313.35,-6.23,-2.35,-5.86,37.78,4914,No Promotion
2015-06-30T00:00:00.000Z,2015,Jun,Tue,212465.083204941500,225678.934525301910,5627,37.76,-13213.85,-6.22,-2.35,-5.86,37.76,4385,No Promotion
2015-07-01T00:00:00.000Z,2015,Jul,Wed,305231.908086358160,324248.841491340080,8086,37.75,-19016.93,-6.23,-2.35,-5.86,37.76,5627,Promotion
2015-07-02T00:00:00.000Z,2015,Jul,Thu,250481.617657244230,266061.928358540640,6639,37.73,-15580.31,-6.22,-2.35,-5.86,37.75,8086,No Promotion
2015-07-03T00:00:00.000Z,2015,Jul,Fri,268410.480702009400,284592.994661231870,7104,37.78,-16182.51,-6.03,-2.28,-5.69,37.73,6639,No Promotion
2015-07-04T00:00:00.000Z,2015,Jul,Sat,316365.498738392080,335025.076360126380,8364,37.82,-18659.58,-5.90,-2.23,-5.57,37.78,7104,No Promotion
2015-07-05T00:00:00.000Z,2015,Jul,Sun,156873.043658263950,165968.624501639570,4146,37.84,-9095.58,-5.80,-2.19,-5.48,37.82,8364,No Promotion
2015-07-06T00:00:00.000Z,2015,Jul,Mon,173987.751540801520,184188.978976354880,4601,37.82,-10201.23,-5.86,-2.22,-5.54,37.84,4146,Promotion
2015-07-07T00:00:00.000Z,2015,Jul,Tue,135753.766042096370,143799.598687529390,3593,37.78,-8045.83,-5.93,-2.24,-5.60,37.82,4601,No Promotion
2015-07-08T00:00:00.000Z,2015,Jul,Wed,84426.509412029525,84588.963035420922,2114,39.94,-162.45,-0.19,-0.08,-0.19,37.78,3593,No Promotion
2015-07-09T00:00:00.000Z,2015,Jul,Thu,70815.190285530247,71913.068580605148,1797,39.41,-1097.88,-1.55,-0.61,-1.53,39.94,2114,No Promotion
2015-07-10T00:00:00.000Z,2015,Jul,Fri,125983.151753546360,127884.587244448370,3195,39.43,-1901.44,-1.51,-0.60,-1.49,39.41,1797,No Promotion
2015-07-11T00:00:00.000Z,2015,Jul,Sat,142378.184041226370,143924.565119037580,3595,39.60,-1546.38,-1.09,-0.43,-1.07,39.43,3195,No Promotion
2015-07-12T00:00:00.000Z,2015,Jul,Sun,57427.680707010128,58723.040531751663,1467,39.15,-1295.36,-2.26,-0.88,-2.21,39.60,3595,No Promotion
2015-07-13T00:00:00.000Z,2015,Jul,Mon,63331.331002230370,64690.059069980809,1610,39.34,-1358.73,-2.15,-0.84,-2.10,39.15,1467,No Promotion
2015-07-14T00:00:00.000Z,2015,Jul,Tue,51241.028553300370,52509.916219996157,1307,39.21,-1268.89,-2.48,-0.97,-2.42,39.34,1610,No Promotion
2015-07-15T00:00:00.000Z,2015,Jul,Wed,80326.440809250256,81730.270702131005,2050,39.18,-1403.83,-1.75,-0.68,-1.72,39.21,1307,Promotion
2015-07-16T00:00:00.000Z,2015,Jul,Thu,71912.565728060246,73762.629173268782,1849,38.89,-1850.06,-2.57,-1.00,-2.51,39.18,2050,No Promotion
2015-07-17T00:00:00.000Z,2015,Jul,Fri,119204.309534746370,122669.699427925310,3070,38.83,-3465.39,-2.91,-1.13,-2.82,38.89,1849,Promotion
2015-07-18T00:00:00.000Z,2015,Jul,Sat,129441.278656736380,132493.431520893730,3322,38.96,-3052.15,-2.36,-0.92,-2.30,38.83,3070,No Promotion
2015-07-19T00:00:00.000Z,2015,Jul,Sun,77645.749935120242,79555.634736242340,1982,39.18,-1909.88,-2.46,-0.96,-2.40,38.96,3322,No Promotion
2015-07-20T00:00:00.000Z,2015,Jul,Mon,69926.650362450004,71362.517838136861,1787,39.13,-1435.87,-2.05,-0.80,-2.01,39.18,1982,No Promotion
2015-07-21T00:00:00.000Z,2015,Jul,Tue,71973.044300340131,73851.788398734730,1846,38.99,-1878.74,-2.61,-1.02,-2.54,39.13,1787,Promotion
2015-07-22T00:00:00.000Z,2015,Jul,Wed,44304.898362210246,45468.836976009428,1142,38.80,-1163.94,-2.63,-1.02,-2.56,38.99,1846,No Promotion
2015-07-23T00:00:00.000Z,2015,Jul,Thu,66799.723730490499,69323.647871911555,1734,38.52,-2523.92,-3.78,-1.46,-3.64,38.80,1142,Promotion
2015-07-24T00:00:00.000Z,2015,Jul,Fri,125689.592840906360,130428.226395116830,3259,38.57,-4738.63,-3.77,-1.45,-3.63,38.52,1734,No Promotion
2015-07-25T00:00:00.000Z,2015,Jul,Sat,138624.945003635160,143537.395218836380,3572,38.81,-4912.45,-3.54,-1.38,-3.42,38.57,3259,No Promotion
2015-07-26T00:00:00.000Z,2015,Jul,Sun,81715.045331780377,85089.223430056940,2109,38.75,-3374.18,-4.13,-1.60,-3.97,38.81,3572,No Promotion
2015-07-27T00:00:00.000Z,2015,Jul,Mon,86842.861357880131,90242.794097153615,2242,38.73,-3399.93,-3.92,-1.52,-3.77,38.75,2109,Promotion
2015-07-28T00:00:00.000Z,2015,Jul,Tue,56976.785283900375,59094.076857821434,1474,38.65,-2117.29,-3.72,-1.44,-3.58,38.73,2242,No Promotion
2015-07-29T00:00:00.000Z,2015,Jul,Wed,53433.668027530373,55516.525562079609,1381,38.69,-2082.86,-3.90,-1.51,-3.75,38.65,1474,No Promotion
2015-07-30T00:00:00.000Z,2015,Jul,Thu,55134.081818380364,57064.750696012437,1423,38.74,-1930.67,-3.50,-1.36,-3.38,38.69,1381,No Promotion
2015-07-31T00:00:00.000Z,2015,Jul,Fri,145033.610792665160,149876.873282040150,3740,38.78,-4843.26,-3.34,-1.29,-3.23,38.74,1423,No Promotion
2015-08-01T00:00:00.000Z,2015,Aug,Sat,173306.906489942750,178699.975875099450,4453,38.92,-5393.07,-3.11,-1.21,-3.02,38.78,3740,No Promotion
2015-08-02T00:00:00.000Z,2015,Aug,Sun,88154.338712390003,90828.661699823351,2258,39.04,-2674.32,-3.03,-1.18,-2.94,38.92,4453,No Promotion
2015-08-03T00:00:00.000Z,2015,Aug,Mon,81142.027847790378,83114.576809338410,2074,39.12,-1972.55,-2.43,-0.95,-2.37,39.04,2258,No Promotion
2015-08-04T00:00:00.000Z,2015,Aug,Tue,77672.882777740495,80417.746442173302,2007,38.70,-2744.86,-3.53,-1.37,-3.41,39.12,2074,No Promotion
2015-08-05T00:00:00.000Z,2015,Aug,Wed,75483.422554300487,78024.284675030634,1948,38.75,-2540.86,-3.37,-1.30,-3.26,38.70,2007,No Promotion
2015-08-06T00:00:00.000Z,2015,Aug,Thu,74354.570102040496,76978.305238407411,1922,38.69,-2623.74,-3.53,-1.37,-3.41,38.75,1948,No Promotion
2015-08-07T00:00:00.000Z,2015,Aug,Fri,120326.876292697950,123707.761573166960,3088,38.97,-3380.89,-2.81,-1.09,-2.73,38.69,1922,No Promotion
2015-08-08T00:00:00.000Z,2015,Aug,Sat,131867.993504016370,135721.426030330970,3388,38.92,-3853.43,-2.92,-1.14,-2.84,38.97,3088,Promotion
2015-08-09T00:00:00.000Z,2015,Aug,Sun,75504.002742620491,77978.694471478811,1944,38.84,-2474.69,-3.28,-1.27,-3.17,38.92,3388,No Promotion
2015-08-10T00:00:00.000Z,2015,Aug,Mon,69968.077699080488,72665.725527117203,1812,38.61,-2697.65,-3.86,-1.49,-3.71,38.84,1944,No Promotion
2015-08-11T00:00:00.000Z,2015,Aug,Tue,60187.149047280371,62538.493277924979,1563,38.51,-2351.34,-3.91,-1.50,-3.76,38.61,1812,No Promotion
2015-08-12T00:00:00.000Z,2015,Aug,Wed,44698.700751095246,46849.567146474845,1171,38.17,-2150.87,-4.81,-1.84,-4.59,38.51,1563,No Promotion
2015-08-13T00:00:00.000Z,2015,Aug,Thu,39463.409059930251,41414.418370139814,1035,38.13,-1951.01,-4.94,-1.89,-4.71,38.17,1171,No Promotion
2015-08-14T00:00:00.000Z,2015,Aug,Fri,85794.096902620251,89898.894227499957,2247,38.18,-4104.80,-4.78,-1.83,-4.57,38.13,1035,No Promotion
2015-08-15T00:00:00.000Z,2015,Aug,Sat,117288.010053801730,122504.357202297180,3068,38.23,-5216.35,-4.45,-1.70,-4.26,38.18,2247,No Promotion
2015-08-16T00:00:00.000Z,2015,Aug,Sun,71056.061003780487,74589.172866250257,1866,38.08,-3533.11,-4.97,-1.89,-4.74,38.23,3068,No Promotion
2015-08-17T00:00:00.000Z,2015,Aug,Mon,64394.074453330373,67505.254139283716,1690,38.10,-3111.18,-4.83,-1.84,-4.61,38.08,1866,No Promotion
2015-08-18T00:00:00.000Z,2015,Aug,Tue,35165.972082725246,36841.967322813805,922,38.14,-1676.00,-4.77,-1.82,-4.55,38.10,1690,No Promotion
2015-08-19T00:00:00.000Z,2015,Aug,Wed,23234.183195130125,24104.085977912528,604,38.47,-869.90,-3.74,-1.44,-3.61,38.14,922,No Promotion
2015-08-20T00:00:00.000Z,2015,Aug,Thu,24754.957181800124,25407.174070346187,643,38.50,-652.22,-2.63,-1.01,-2.57,38.47,604,No Promotion
2015-08-21T00:00:00.000Z,2015,Aug,Fri,76691.283029055499,78691.956315552306,2006,38.23,-2000.67,-2.61,-1.00,-2.54,38.50,643,Promotion
2015-08-22T00:00:00.000Z,2015,Aug,Sat,102231.211792357820,104713.007499776450,2677,38.19,-2481.80,-2.43,-0.93,-2.37,38.23,2006,Promotion
2015-08-23T00:00:00.000Z,2015,Aug,Sun,56974.868025790369,57548.985153409623,1467,38.84,-574.12,-1.01,-0.39,-1.00,38.19,2677,No Promotion
2015-08-24T00:00:00.000Z,2015,Aug,Mon,59442.731115165370,59785.428614563789,1528,38.90,-342.70,-0.58,-0.22,-0.57,38.84,1467,No Promotion
2015-08-25T00:00:00.000Z,2015,Aug,Tue,217683.362264025030,246975.730765643120,6360,34.23,-29292.37,-13.46,-4.61,-11.86,38.90,1528,Promotion
2015-08-26T00:00:00.000Z,2015,Aug,Wed,275458.806896196100,307092.274379028240,8035,34.28,-31633.47,-11.48,-3.94,-10.30,34.23,6360,No Promotion
2015-08-27T00:00:00.000Z,2015,Aug,Thu,228731.865486527440,252845.445553576660,6675,34.27,-24113.58,-10.54,-3.61,-9.54,34.28,8035,No Promotion
2015-08-28T00:00:00.000Z,2015,Aug,Fri,387639.119999521990,426783.302218144120,11330,34.21,-39144.18,-10.10,-3.45,-9.17,34.27,6675,Promotion
2015-08-29T00:00:00.000Z,2015,Aug,Sat,461188.004851734790,504578.188757226510,13484,34.20,-43390.18,-9.41,-3.22,-8.60,34.21,11330,Promotion
2015-08-30T00:00:00.000Z,2015,Aug,Sun,202249.677169425010,220152.186753958230,5913,34.20,-17902.51,-8.85,-3.03,-8.13,34.20,13484,No Promotion
2015-08-31T00:00:00.000Z,2015,Aug,Mon,332559.764979085940,361970.285938652000,9721,34.21,-29410.52,-8.84,-3.03,-8.13,34.20,5913,No Promotion
2015-09-01T00:00:00.000Z,2015,Sep,Tue,384806.771581978420,418101.597548360300,11257,34.18,-33294.83,-8.65,-2.96,-7.96,34.21,9721,Promotion
2015-09-02T00:00:00.000Z,2015,Sep,Wed,345776.250280375940,373816.168400634310,10102,34.23,-28039.92,-8.11,-2.78,-7.50,34.18,11257,No Promotion
2015-09-03T00:00:00.000Z,2015,Sep,Thu,271551.095100756090,293343.873973562210,7938,34.21,-21792.78,-8.03,-2.75,-7.43,34.23,10102,No Promotion
2015-09-04T00:00:00.000Z,2015,Sep,Fri,340440.205462085670,366359.658592484540,9936,34.26,-25919.45,-7.61,-2.61,-7.07,34.21,7938,No Promotion
2015-09-05T00:00:00.000Z,2015,Sep,Sat,364416.731582138110,392128.301265168640,10643,34.24,-27711.57,-7.60,-2.60,-7.07,34.26,9936,Promotion
2015-09-06T00:00:00.000Z,2015,Sep,Sun,164719.604491615170,176647.842651849180,4800,34.32,-11928.24,-7.24,-2.49,-6.75,34.24,10643,No Promotion
2015-09-07T00:00:00.000Z,2015,Sep,Mon,178921.099348736370,192507.528732489390,5228,34.22,-13586.43,-7.59,-2.60,-7.06,34.32,4800,Promotion
2015-09-08T00:00:00.000Z,2015,Sep,Tue,70286.997810770496,66639.698052811495,1810,38.83,3647.30,5.19,2.02,5.47,34.22,5228,No Promotion
2015-09-09T00:00:00.000Z,2015,Sep,Wed,76013.677901710485,72211.103174650692,1961,38.76,3802.57,5.00,1.94,5.27,38.83,1810,Promotion
2015-09-10T00:00:00.000Z,2015,Sep,Thu,48406.787146740244,45316.542733610833,1232,39.29,3090.24,6.38,2.51,6.82,38.76,1961,No Promotion
2015-09-11T00:00:00.000Z,2015,Sep,Fri,85940.026940790005,81559.845623271962,2194,39.17,4380.18,5.10,2.00,5.37,39.29,1232,Promotion
2015-09-12T00:00:00.000Z,2015,Sep,Sat,57381.751454185367,54340.891509322864,1469,39.06,3040.86,5.30,2.07,5.60,39.17,2194,No Promotion
2015-09-13T00:00:00.000Z,2015,Sep,Sun,32479.796394255125,30763.688117313315,829,39.18,1716.11,5.28,2.07,5.58,39.06,1469,No Promotion
2015-09-14T00:00:00.000Z,2015,Sep,Mon,52160.183933415370,49656.007748568794,1329,39.25,2504.18,4.80,1.88,5.04,39.18,829,No Promotion
2015-09-15T00:00:00.000Z,2015,Sep,Tue,51002.839569495241,48601.967504707296,1300,39.23,2400.87,4.71,1.85,4.94,39.25,1329,No Promotion
2015-09-16T00:00:00.000Z,2015,Sep,Wed,30194.715956215121,28605.460797613814,773,39.06,1589.26,5.26,2.06,5.56,39.23,1300,No Promotion
2015-09-17T00:00:00.000Z,2015,Sep,Thu,29751.222605555122,28084.235128364078,760,39.15,1666.99,5.60,2.19,5.94,39.06,773,No Promotion
2015-09-18T00:00:00.000Z,2015,Sep,Fri,68504.639437535370,64881.975648256928,1755,39.03,3622.66,5.29,2.06,5.58,39.15,760,Promotion
2015-09-19T00:00:00.000Z,2015,Sep,Sat,68996.561757290488,65211.571770941220,1766,39.07,3784.99,5.49,2.14,5.80,39.03,1755,No Promotion
2015-09-20T00:00:00.000Z,2015,Sep,Sun,41855.928759400245,39629.451872277546,1078,38.83,2226.48,5.32,2.07,5.62,39.07,1766,No Promotion
2015-09-21T00:00:00.000Z,2015,Sep,Mon,44303.466485900244,41485.458718801405,1124,39.42,2818.01,6.36,2.51,6.79,38.83,1078,No Promotion
2015-09-22T00:00:00.000Z,2015,Sep,Tue,46599.298130810246,43806.732010435910,1182,39.42,2792.57,5.99,2.36,6.37,39.42,1124,No Promotion
2015-09-23T00:00:00.000Z,2015,Sep,Wed,125182.757165347580,138583.837816216400,3725,33.61,-13401.08,-10.71,-3.60,-9.67,39.42,1182,Promotion
2015-09-24T00:00:00.000Z,2015,Sep,Thu,150036.805041617600,167704.855406773740,4492,33.40,-17668.05,-11.78,-3.93,-10.54,33.61,3725,Promotion
2015-09-25T00:00:00.000Z,2015,Sep,Fri,368037.691944658810,413540.807164328000,11030,33.37,-45503.12,-12.36,-4.13,-11.00,33.40,4492,Promotion
2015-09-26T00:00:00.000Z,2015,Sep,Sat,351319.638069080010,397626.585058455590,10528,33.37,-46306.95,-13.18,-4.40,-11.65,33.37,11030,No Promotion
2015-09-27T00:00:00.000Z,2015,Sep,Sun,163289.936668803940,185404.044010510140,4895,33.36,-22114.11,-13.54,-4.52,-11.93,33.37,10528,No Promotion
2015-09-28T00:00:00.000Z,2015,Sep,Mon,190892.458987576360,216571.059521462130,5720,33.37,-25678.60,-13.45,-4.49,-11.86,33.36,4895,No Promotion
2015-09-29T00:00:00.000Z,2015,Sep,Tue,143082.133265767600,162929.018472352790,4288,33.37,-19846.89,-13.87,-4.63,-12.18,33.37,5720,No Promotion
2015-09-30T00:00:00.000Z,2015,Sep,Wed,323548.785342068760,368434.885908864900,9693,33.38,-44886.10,-13.87,-4.63,-12.18,33.37,4288,No Promotion
2015-10-01T00:00:00.000Z,2015,Oct,Thu,402312.333158946540,459285.804526006740,12065,33.35,-56973.47,-14.16,-4.72,-12.40,33.38,9693,Promotion
2015-10-02T00:00:00.000Z,2015,Oct,Fri,393635.174854893990,448390.965761974160,11758,33.48,-54755.79,-13.91,-4.66,-12.21,33.35,12065,No Promotion
2015-10-03T00:00:00.000Z,2015,Oct,Sat,451100.060076856990,515549.389916234010,13508,33.40,-64449.33,-14.29,-4.77,-12.50,33.48,11758,Promotion
2015-10-04T00:00:00.000Z,2015,Oct,Sun,202902.624901325180,232360.327155489420,6085,33.34,-29457.70,-14.52,-4.84,-12.68,33.40,13508,No Promotion
2015-10-05T00:00:00.000Z,2015,Oct,Mon,294557.646366223810,336897.922400405510,8828,33.37,-42340.28,-14.37,-4.80,-12.57,33.34,6085,No Promotion
2015-10-06T00:00:00.000Z,2015,Oct,Tue,221618.328247530150,253291.062286082980,6636,33.40,-31672.73,-14.29,-4.77,-12.50,33.37,8828,No Promotion
2015-10-07T00:00:00.000Z,2015,Oct,Wed,63968.382480185370,61942.842677746637,1622,39.44,2025.54,3.17,1.25,3.27,33.40,6636,No Promotion
2015-10-08T00:00:00.000Z,2015,Oct,Thu,59609.544705280372,57736.476659462984,1512,39.42,1873.07,3.14,1.24,3.24,39.44,1622,No Promotion
2015-10-09T00:00:00.000Z,2015,Oct,Fri,126588.252974516380,122622.363114790380,3211,39.42,3965.89,3.13,1.24,3.23,39.42,1512,No Promotion
2015-10-10T00:00:00.000Z,2015,Oct,Sat,119755.011590480880,116003.686913625410,3037,39.43,3751.32,3.13,1.24,3.23,39.42,3211,No Promotion
2015-10-11T00:00:00.000Z,2015,Oct,Sun,57413.410482090374,55617.584643929717,1456,39.43,1795.83,3.13,1.23,3.23,39.43,3037,No Promotion
2015-10-12T00:00:00.000Z,2015,Oct,Mon,57749.136938605370,55933.008575846157,1465,39.42,1816.13,3.14,1.24,3.25,39.43,1456,Promotion
2015-10-13T00:00:00.000Z,2015,Oct,Tue,40140.820034555240,38881.088441786422,1018,39.43,1259.73,3.14,1.24,3.24,39.42,1465,No Promotion
2015-10-14T00:00:00.000Z,2015,Oct,Wed,42195.817364850249,40869.249472267060,1070,39.44,1326.57,3.14,1.24,3.25,39.43,1018,No Promotion
2015-10-15T00:00:00.000Z,2015,Oct,Thu,53490.797465390366,51799.165903400812,1357,39.42,1691.63,3.16,1.25,3.27,39.44,1070,Promotion
2015-10-16T00:00:00.000Z,2015,Oct,Fri,110809.315805577450,107331.980515122880,2810,39.43,3477.34,3.14,1.24,3.24,39.42,1357,No Promotion
2015-10-17T00:00:00.000Z,2015,Oct,Sat,111527.013469602580,108023.607343921280,2829,39.42,3503.41,3.14,1.24,3.24,39.43,2810,Promotion
2015-10-18T00:00:00.000Z,2015,Oct,Sun,59808.138668750369,57937.458655969502,1517,39.43,1870.68,3.13,1.23,3.23,39.42,2829,No Promotion
2015-10-19T00:00:00.000Z,2015,Oct,Mon,55166.226228085376,53436.897092784871,1399,39.43,1729.33,3.13,1.24,3.24,39.43,1517,No Promotion
2015-10-20T00:00:00.000Z,2015,Oct,Tue,42054.680471955246,40736.150475592272,1067,39.41,1318.53,3.14,1.24,3.24,39.43,1399,No Promotion
2015-10-21T00:00:00.000Z,2015,Oct,Wed,53678.179109280245,51999.860868195567,1361,39.44,1678.32,3.13,1.23,3.23,39.41,1067,No Promotion
2015-10-22T00:00:00.000Z,2015,Oct,Thu,55930.168643105368,54177.690061877336,1419,39.42,1752.48,3.13,1.24,3.23,39.44,1361,Promotion
2015-10-23T00:00:00.000Z,2015,Oct,Fri,185771.001463063640,192527.011009922800,5042,36.84,-6756.01,-3.64,-1.34,-3.51,39.42,1419,Promotion
2015-10-24T00:00:00.000Z,2015,Oct,Sat,253116.913198540160,262409.569422916220,6872,36.83,-9292.66,-3.67,-1.35,-3.54,36.84,5042,Promotion
2015-10-25T00:00:00.000Z,2015,Oct,Sun,118618.453702152920,122915.267016988420,3218,36.86,-4296.81,-3.62,-1.34,-3.50,36.83,6872,No Promotion
2015-10-26T00:00:00.000Z,2015,Oct,Mon,123320.784042373650,128133.778608871290,3347,36.85,-4812.99,-3.90,-1.44,-3.76,36.86,3218,Promotion
2015-10-27T00:00:00.000Z,2015,Oct,Tue,117051.277215402680,122175.000272701830,3177,36.84,-5123.72,-4.38,-1.61,-4.19,36.85,3347,No Promotion
2015-10-28T00:00:00.000Z,2015,Oct,Wed,159299.989061900180,174699.076723810260,4532,35.15,-15399.09,-9.67,-3.40,-8.81,36.84,3177,Promotion
2015-10-29T00:00:00.000Z,2015,Oct,Thu,119047.409867902930,124349.265489295880,3231,36.85,-5301.86,-4.45,-1.64,-4.26,35.15,4532,No Promotion
2015-10-30T00:00:00.000Z,2015,Oct,Fri,285081.974328435320,297627.690715406320,7731,36.88,-12545.72,-4.40,-1.62,-4.22,36.85,3231,No Promotion
2015-10-31T00:00:00.000Z,2015,Oct,Sat,391656.212583571380,429832.834760805530,11148,35.13,-38176.62,-9.75,-3.42,-8.88,36.88,7731,Promotion
2015-11-01T00:00:00.000Z,2015,Nov,Sun,274814.778054850350,287978.174911816550,7459,36.84,-13163.40,-4.79,-1.76,-4.57,35.13,11148,No Promotion
2015-11-02T00:00:00.000Z,2015,Nov,Mon,269555.023120967730,281915.192104628950,7316,36.84,-12360.17,-4.59,-1.69,-4.38,36.84,7459,No Promotion
2015-11-03T00:00:00.000Z,2015,Nov,Tue,192001.034615148640,201125.775474683730,5211,36.85,-9124.74,-4.75,-1.75,-4.54,36.84,7316,No Promotion
2015-11-04T00:00:00.000Z,2015,Nov,Wed,201367.786977001350,220579.995560677050,5731,35.14,-19212.21,-9.54,-3.35,-8.71,36.85,5211,Promotion
2015-11-05T00:00:00.000Z,2015,Nov,Thu,111874.558972952680,116637.034345282970,3036,36.85,-4762.48,-4.26,-1.57,-4.08,35.14,5731,No Promotion
2015-11-06T00:00:00.000Z,2015,Nov,Fri,214540.333090847590,223738.432718630730,5822,36.85,-9198.10,-4.29,-1.58,-4.11,36.85,3036,No Promotion
2015-11-07T00:00:00.000Z,2015,Nov,Sat,280264.244465276250,306935.160395813520,7987,35.09,-26670.92,-9.52,-3.34,-8.69,36.85,5822,Promotion
2015-11-08T00:00:00.000Z,2015,Nov,Sun,134136.728709949850,140236.303300134810,3640,36.85,-6099.57,-4.55,-1.68,-4.35,35.09,7987,No Promotion
2015-11-09T00:00:00.000Z,2015,Nov,Mon,94243.465527933557,89949.304171877258,2338,40.31,4294.16,4.56,1.84,4.77,36.85,3640,No Promotion
2015-11-10T00:00:00.000Z,2015,Nov,Tue,131436.197854736380,143823.386440638050,3744,35.11,-12387.19,-9.42,-3.31,-8.61,40.31,2338,Promotion
2015-11-11T00:00:00.000Z,2015,Nov,Wed,147893.941470976370,161665.600554415520,4216,35.08,-13771.66,-9.31,-3.27,-8.52,35.11,3744,Promotion
2015-11-12T00:00:00.000Z,2015,Nov,Thu,140238.390510471390,153481.453397302600,4000,35.06,-13243.06,-9.44,-3.31,-8.63,35.08,4216,No Promotion
2015-11-13T00:00:00.000Z,2015,Nov,Fri,358183.774004684990,391310.320684936890,10204,35.10,-33126.55,-9.25,-3.25,-8.47,35.06,4000,No Promotion
2015-11-14T00:00:00.000Z,2015,Nov,Sat,377937.138697472630,413010.229045129500,10769,35.09,-35073.09,-9.28,-3.26,-8.49,35.10,10204,Promotion
2015-11-15T00:00:00.000Z,2015,Nov,Sun,168729.962403208950,184673.488505802440,4803,35.13,-15943.53,-9.45,-3.32,-8.63,35.09,10769,No Promotion
2015-11-16T00:00:00.000Z,2015,Nov,Mon,177192.569817120180,193615.303704729910,5042,35.14,-16422.73,-9.27,-3.26,-8.48,35.13,4803,No Promotion
2015-11-17T00:00:00.000Z,2015,Nov,Tue,152368.749092446380,166625.365017797590,4342,35.09,-14256.62,-9.36,-3.28,-8.56,35.14,5042,No Promotion
2015-11-18T00:00:00.000Z,2015,Nov,Wed,147471.804919516380,161402.918699530240,4202,35.10,-13931.11,-9.45,-3.32,-8.63,35.09,4342,No Promotion
2015-11-19T00:00:00.000Z,2015,Nov,Thu,145697.151982356390,159317.609394272990,4151,35.10,-13620.46,-9.35,-3.28,-8.55,35.10,4202,No Promotion
2015-11-20T00:00:00.000Z,2015,Nov,Fri,301033.986512722450,328965.143264879760,8567,35.14,-27931.16,-9.28,-3.26,-8.49,35.10,4151,No Promotion
2015-11-21T00:00:00.000Z,2015,Nov,Sat,309518.072071284870,338720.023625985720,8811,35.13,-29201.95,-9.43,-3.31,-8.62,35.14,8567,Promotion
2015-11-22T00:00:00.000Z,2015,Nov,Sun,152504.631727353930,167600.650935746030,4345,35.10,-15096.02,-9.90,-3.47,-9.01,35.13,8811,No Promotion
2015-11-23T00:00:00.000Z,2015,Nov,Mon,79711.583414100489,74375.788707864966,1937,41.15,5335.79,6.69,2.75,7.17,35.10,4345,No Promotion
2015-11-24T00:00:00.000Z,2015,Nov,Tue,111021.379113998670,121456.524019197390,3160,35.13,-10435.14,-9.40,-3.30,-8.59,41.15,1937,Promotion
2015-11-25T00:00:00.000Z,2015,Nov,Wed,243161.259233288820,266054.369856792850,6924,35.12,-22893.11,-9.41,-3.31,-8.60,35.13,3160,Promotion
2015-11-26T00:00:00.000Z,2015,Nov,Thu,311443.181231897440,355343.871840907140,9273,33.59,-43900.69,-14.10,-4.73,-12.35,35.12,6924,Promotion
2015-11-27T00:00:00.000Z,2015,Nov,Fri,375876.013421952610,431325.686693676400,11257,33.39,-55449.67,-14.75,-4.93,-12.86,33.59,9273,Promotion
2015-11-28T00:00:00.000Z,2015,Nov,Sat,434639.658995269270,498895.618645355510,13019,33.39,-64255.96,-14.78,-4.94,-12.88,33.39,11257,No Promotion
2015-11-29T00:00:00.000Z,2015,Nov,Sun,238637.816355456390,274093.577959119630,7139,33.43,-35455.76,-14.86,-4.97,-12.94,33.39,13019,No Promotion
2015-11-30T00:00:00.000Z,2015,Nov,Mon,260653.666963496390,283981.150688644500,7423,35.11,-23327.48,-8.95,-3.14,-8.21,33.43,7139,No Promotion
2015-12-01T00:00:00.000Z,2015,Dec,Tue,262394.780018278810,285838.556814769050,7474,35.11,-23443.78,-8.93,-3.14,-8.20,35.11,7423,No Promotion
2015-12-02T00:00:00.000Z,2015,Dec,Wed,248437.711301093830,269807.620439097930,7056,35.21,-21369.91,-8.60,-3.03,-7.92,35.11,7474,No Promotion
2015-12-03T00:00:00.000Z,2015,Dec,Thu,201048.830461673960,219110.393196454130,5732,35.07,-18061.56,-8.98,-3.15,-8.24,35.21,7056,No Promotion
2015-12-04T00:00:00.000Z,2015,Dec,Fri,317690.760936051260,345449.529946860920,9038,35.15,-27758.77,-8.74,-3.07,-8.04,35.07,5732,No Promotion
2015-12-05T00:00:00.000Z,2015,Dec,Sat,378527.872617163810,410385.037009372380,10737,35.25,-31857.16,-8.42,-2.97,-7.76,35.15,9038,No Promotion
2015-12-06T00:00:00.000Z,2015,Dec,Sun,195425.391079595170,210461.386222489880,5505,35.50,-15036.00,-7.69,-2.73,-7.14,35.25,10737,No Promotion
2015-12-07T00:00:00.000Z,2015,Dec,Mon,90441.603368529759,83999.591253936887,2198,41.15,6442.01,7.12,2.93,7.67,35.50,5505,No Promotion
2015-12-08T00:00:00.000Z,2015,Dec,Tue,117649.000633012930,121640.379790236550,3190,36.88,-3991.38,-3.39,-1.25,-3.28,41.15,2198,Promotion
2015-12-09T00:00:00.000Z,2015,Dec,Wed,141285.395456713650,145443.046591834220,3814,37.04,-4157.65,-2.94,-1.09,-2.86,36.88,3190,No Promotion
2015-12-10T00:00:00.000Z,2015,Dec,Thu,133183.693680193650,137725.876110448090,3610,36.89,-4542.18,-3.41,-1.26,-3.30,37.04,3814,No Promotion
2015-12-11T00:00:00.000Z,2015,Dec,Fri,229672.256320392420,237672.016416795700,6227,36.88,-7999.76,-3.48,-1.28,-3.37,36.89,3610,Promotion
2015-12-12T00:00:00.000Z,2015,Dec,Sat,333488.797878820040,359621.074893736860,9422,35.39,-26132.28,-7.84,-2.77,-7.27,36.88,6227,Promotion
2015-12-13T00:00:00.000Z,2015,Dec,Sun,185422.885636103630,191390.401310313290,5014,36.98,-5967.52,-3.22,-1.19,-3.12,35.39,9422,No Promotion
2015-12-14T00:00:00.000Z,2015,Dec,Mon,173833.133168423660,179871.053299423740,4715,36.87,-6037.92,-3.47,-1.28,-3.36,36.98,5014,No Promotion
2015-12-15T00:00:00.000Z,2015,Dec,Tue,220271.721385245180,237123.343340105170,6212,35.46,-16851.62,-7.65,-2.71,-7.11,36.87,4715,Promotion
2015-12-16T00:00:00.000Z,2015,Dec,Wed,234468.071195286380,251493.908900129780,6585,35.61,-17025.84,-7.26,-2.59,-6.77,35.46,6212,No Promotion
2015-12-17T00:00:00.000Z,2015,Dec,Thu,213778.138050305160,230994.355198859910,6051,35.33,-17216.22,-8.05,-2.85,-7.45,35.61,6585,No Promotion
2015-12-18T00:00:00.000Z,2015,Dec,Fri,273563.014796293810,295854.552315991950,7750,35.30,-22291.54,-8.15,-2.88,-7.53,35.33,6051,Promotion
2015-12-19T00:00:00.000Z,2015,Dec,Sat,337506.788419220010,362223.160876709210,9490,35.56,-24716.37,-7.32,-2.60,-6.82,35.30,7750,No Promotion
2015-12-20T00:00:00.000Z,2015,Dec,Sun,155312.783862166370,167421.973695170890,4382,35.44,-12109.19,-7.80,-2.76,-7.23,35.56,9490,No Promotion
2015-12-21T00:00:00.000Z,2015,Dec,Mon,289243.383056197610,312784.974318393560,8196,35.29,-23541.59,-8.14,-2.87,-7.53,35.44,4382,Promotion
2015-12-22T00:00:00.000Z,2015,Dec,Tue,313125.332532517610,338299.617845486330,8863,35.33,-25174.29,-8.04,-2.84,-7.44,35.29,8196,No Promotion
2015-12-23T00:00:00.000Z,2015,Dec,Wed,268330.392705015490,249584.215163854360,6534,41.07,18746.18,6.99,2.87,7.51,35.33,8863,No Promotion
2015-12-24T00:00:00.000Z,2015,Dec,Thu,392228.137958482260,364396.194248879560,9540,41.11,27831.94,7.10,2.92,7.64,41.07,6534,No Promotion
2015-12-25T00:00:00.000Z,2015,Dec,Fri,133728.983728851370,124363.557276609470,3256,41.07,9365.43,7.00,2.88,7.53,41.11,9540,No Promotion
2015-12-26T00:00:00.000Z,2015,Dec,Sat,82778.444048310368,76876.492698314294,2013,41.12,5901.95,7.13,2.93,7.68,41.07,3256,No Promotion
2015-12-27T00:00:00.000Z,2015,Dec,Sun,69522.836973940372,64616.076646274370,1692,41.09,4906.76,7.06,2.90,7.59,41.12,2013,No Promotion
2015-12-28T00:00:00.000Z,2015,Dec,Mon,133021.272795362570,123500.787789675160,3234,41.13,9520.49,7.16,2.94,7.71,41.09,1692,No Promotion
2015-12-29T00:00:00.000Z,2015,Dec,Tue,161267.520591837590,175378.145915220700,4592,35.12,-14110.63,-8.75,-3.07,-8.05,41.13,3234,Promotion
2015-12-30T00:00:00.000Z,2015,Dec,Wed,208583.217990355160,227060.262678493980,5945,35.09,-18477.04,-8.86,-3.11,-8.14,35.12,4592,Promotion
2015-12-31T00:00:00.000Z,2015,Dec,Thu,325457.525001478850,353929.738354991710,9266,35.12,-28472.21,-8.75,-3.07,-8.04,35.09,5945,No Promotion
2016-01-01T00:00:00.000Z,2016,Jan,Fri,111650.239774078670,121448.283817138900,3179,35.12,-9798.04,-8.78,-3.08,-8.07,35.12,9266,No Promotion
2016-01-02T00:00:00.000Z,2016,Jan,Sat,262421.281864557590,285675.845713160580,7479,35.09,-23254.56,-8.86,-3.11,-8.14,35.12,3179,Promotion
2016-01-03T00:00:00.000Z,2016,Jan,Sun,164527.538913355150,179308.949530554880,4694,35.05,-14781.41,-8.98,-3.15,-8.24,35.09,7479,No Promotion
2016-01-04T00:00:00.000Z,2016,Jan,Mon,274990.146499198800,299576.241369662690,7843,35.06,-24586.09,-8.94,-3.13,-8.21,35.05,4694,No Promotion
2016-01-05T00:00:00.000Z,2016,Jan,Tue,215737.842798713940,234642.085748132230,6150,35.08,-18904.24,-8.76,-3.07,-8.06,35.06,7843,No Promotion
2016-01-06T00:00:00.000Z,2016,Jan,Wed,98646.982697528802,91610.560001972306,2401,41.09,7036.42,7.13,2.93,7.68,35.08,6150,No Promotion
2016-01-07T00:00:00.000Z,2016,Jan,Thu,74401.215293020490,68988.861259106357,1808,41.15,5412.35,7.27,2.99,7.85,41.09,2401,No Promotion
2016-01-08T00:00:00.000Z,2016,Jan,Fri,106592.342996267940,99021.682920692168,2594,41.09,7570.66,7.10,2.92,7.65,41.15,1808,Promotion
2016-01-09T00:00:00.000Z,2016,Jan,Sat,134629.658196930160,124963.465513847070,3274,41.12,9666.19,7.18,2.95,7.74,41.09,2594,No Promotion
2016-01-10T00:00:00.000Z,2016,Jan,Sun,90773.653057909149,84299.288239980437,2207,41.13,6474.36,7.13,2.93,7.68,41.12,3274,No Promotion
2016-01-11T00:00:00.000Z,2016,Jan,Mon,121373.068224416360,112550.432308732690,2949,41.16,8822.64,7.27,2.99,7.84,41.13,2207,No Promotion
2016-01-12T00:00:00.000Z,2016,Jan,Tue,99445.557103979168,92226.518095758031,2417,41.14,7219.04,7.26,2.99,7.83,41.16,2949,No Promotion
2016-01-13T00:00:00.000Z,2016,Jan,Wed,67587.546930070370,62760.356831462283,1644,41.11,4827.19,7.14,2.94,7.69,41.14,2417,No Promotion
2016-01-14T00:00:00.000Z,2016,Jan,Thu,61685.935238410369,57191.439317791570,1499,41.15,4494.50,7.29,3.00,7.86,41.11,1644,No Promotion
2016-01-15T00:00:00.000Z,2016,Jan,Fri,150006.929791823930,139244.895767709090,3648,41.12,10762.03,7.17,2.95,7.73,41.15,1499,Promotion
2016-01-16T00:00:00.000Z,2016,Jan,Sat,191287.353485502880,177577.287213494830,4652,41.12,13710.07,7.17,2.95,7.72,41.12,3648,No Promotion
2016-01-17T00:00:00.000Z,2016,Jan,Sun,92595.460836939150,86018.189605519379,2252,41.12,6577.27,7.10,2.92,7.65,41.12,4652,No Promotion
2016-01-18T00:00:00.000Z,2016,Jan,Mon,96947.054288479165,89961.359503772677,2357,41.13,6985.69,7.21,2.96,7.77,41.12,2252,No Promotion
2016-01-19T00:00:00.000Z,2016,Jan,Tue,70512.894500490496,65453.276391554507,1715,41.12,5059.62,7.18,2.95,7.73,41.13,2357,No Promotion
2016-01-20T00:00:00.000Z,2016,Jan,Wed,159590.490069201360,182351.138845241510,4776,33.42,-22760.65,-14.26,-4.77,-12.48,41.12,1715,Promotion
2016-01-21T00:00:00.000Z,2016,Jan,Thu,67046.273415800373,61894.262560530507,1628,41.18,5152.01,7.68,3.16,8.32,33.42,4776,No Promotion
2016-01-22T00:00:00.000Z,2016,Jan,Fri,266949.238793142140,294322.927182734710,7806,34.20,-27373.69,-10.25,-3.51,-9.30,41.18,1628,Promotion
2016-01-23T00:00:00.000Z,2016,Jan,Sat,315272.224772121870,346093.067004290990,9210,34.23,-30820.84,-9.78,-3.35,-8.91,34.20,7806,No Promotion
2016-01-24T00:00:00.000Z,2016,Jan,Sun,149138.921518885150,163505.713019898070,4351,34.28,-14366.79,-9.63,-3.30,-8.79,34.23,9210,No Promotion
2016-01-25T00:00:00.000Z,2016,Jan,Mon,215171.038201770020,234621.598859708810,6278,34.27,-19450.56,-9.04,-3.10,-8.29,34.28,4351,Promotion
2016-01-26T00:00:00.000Z,2016,Jan,Tue,205197.898357168800,221931.580052743810,5992,34.25,-16733.68,-8.15,-2.79,-7.54,34.27,6278,No Promotion
2016-01-27T00:00:00.000Z,2016,Jan,Wed,214452.248428695020,231730.232749898250,6265,34.23,-17277.98,-8.06,-2.76,-7.46,34.25,5992,Promotion
2016-01-28T00:00:00.000Z,2016,Jan,Thu,195767.973554037570,210639.848189275250,5723,34.21,-14871.87,-7.60,-2.60,-7.06,34.23,6265,No Promotion
2016-01-29T00:00:00.000Z,2016,Jan,Fri,397984.329262887770,437198.929579714550,11900,33.44,-39214.60,-9.85,-3.30,-8.97,34.21,5723,Promotion
2016-01-30T00:00:00.000Z,2016,Jan,Sat,512603.103453023360,561872.206032989780,15345,33.41,-49269.10,-9.61,-3.21,-8.77,33.44,11900,Promotion
2016-01-31T00:00:00.000Z,2016,Jan,Sun,218104.066939171370,238662.192104785820,6525,33.43,-20558.13,-9.43,-3.15,-8.61,33.41,15345,No Promotion
2016-02-01T00:00:00.000Z,2016,Feb,Mon,339004.336886762470,371177.186883031680,10153,33.39,-32172.85,-9.49,-3.17,-8.67,33.43,6525,Promotion
2016-02-02T00:00:00.000Z,2016,Feb,Tue,278116.369327563390,295645.629108798220,8116,34.27,-17529.26,-6.30,-2.16,-5.93,33.39,10153,No Promotion
2016-02-03T00:00:00.000Z,2016,Feb,Wed,264159.300610373500,280392.273599945130,7712,34.25,-16232.97,-6.15,-2.10,-5.79,34.27,8116,No Promotion
2016-02-04T00:00:00.000Z,2016,Feb,Thu,197778.133740558810,209372.292230827940,5759,34.34,-11594.16,-5.86,-2.01,-5.54,34.25,7712,No Promotion
2016-02-05T00:00:00.000Z,2016,Feb,Fri,325749.008906946870,345287.811496579380,9501,34.29,-19538.80,-6.00,-2.06,-5.66,34.34,5759,Promotion
2016-02-06T00:00:00.000Z,2016,Feb,Sat,371561.976387214260,393884.433035650350,10840,34.28,-22322.46,-6.01,-2.06,-5.67,34.29,9501,Promotion
2016-02-07T00:00:00.000Z,2016,Feb,Sun,174581.676845831390,185040.817338932920,5089,34.31,-10459.14,-5.99,-2.06,-5.65,34.28,10840,No Promotion
2016-02-08T00:00:00.000Z,2016,Feb,Mon,208489.369419331250,221372.836946832310,6087,34.25,-12883.47,-6.18,-2.12,-5.82,34.31,5089,Promotion
2016-02-09T00:00:00.000Z,2016,Feb,Tue,84495.166667640122,74682.266818099233,2053,41.16,9812.90,11.61,4.78,13.14,34.25,6087,No Promotion
2016-02-10T00:00:00.000Z,2016,Feb,Wed,76661.250030179392,66379.563604373863,1825,42.01,10281.69,13.41,5.63,15.49,41.16,2053,No Promotion
2016-02-11T00:00:00.000Z,2016,Feb,Thu,64034.940459509766,55491.338529373483,1525,41.99,8543.60,13.34,5.60,15.40,42.01,1825,No Promotion
2016-02-12T00:00:00.000Z,2016,Feb,Fri,148839.974868265160,129583.492067397660,3542,42.02,19256.48,12.94,5.44,14.86,41.99,1525,No Promotion
2016-02-13T00:00:00.000Z,2016,Feb,Sat,172541.507929523940,150538.983683141410,4105,42.03,22002.52,12.75,5.36,14.62,42.02,3542,No Promotion
2016-02-14T00:00:00.000Z,2016,Feb,Sun,87991.663002118541,76378.504638063911,2094,42.02,11613.16,13.20,5.55,15.20,42.03,4105,No Promotion
2016-02-15T00:00:00.000Z,2016,Feb,Mon,123445.381550427580,108669.225381257010,2940,41.99,14776.16,11.97,5.03,13.60,42.02,2094,Promotion
2016-02-16T00:00:00.000Z,2016,Feb,Tue,77344.691873669406,68269.248838410713,1841,42.01,9075.44,11.73,4.93,13.29,41.99,2940,No Promotion
2016-02-17T00:00:00.000Z,2016,Feb,Wed,158963.024881795170,167521.525860537080,4529,35.10,-8558.50,-5.38,-1.89,-5.11,42.01,1841,Promotion
2016-02-18T00:00:00.000Z,2016,Feb,Thu,69598.071152939650,61492.968308179203,1658,41.98,8105.10,11.65,4.89,13.18,35.10,4529,No Promotion
2016-02-19T00:00:00.000Z,2016,Feb,Fri,161275.602198805170,143446.358327585740,3841,41.99,17829.24,11.06,4.64,12.43,41.98,1658,No Promotion
2016-02-20T00:00:00.000Z,2016,Feb,Sat,325215.076792382460,345446.001848709650,9260,35.12,-20230.93,-6.22,-2.18,-5.86,41.99,3841,Promotion
2016-02-21T00:00:00.000Z,2016,Feb,Sun,96957.295844458073,86455.494378043557,2308,42.01,10501.80,10.83,4.55,12.15,35.12,9260,No Promotion
2016-02-22T00:00:00.000Z,2016,Feb,Mon,85224.477091228793,75960.718021940367,2028,42.02,9263.76,10.87,4.57,12.20,42.01,2308,No Promotion
2016-02-23T00:00:00.000Z,2016,Feb,Tue,54612.878841539881,49071.802537897172,1301,41.98,5541.08,10.15,4.26,11.29,42.02,2028,No Promotion
2016-02-24T00:00:00.000Z,2016,Feb,Wed,81530.612382324645,81738.056437313600,2213,36.84,-207.44,-0.25,-0.09,-0.25,41.98,1301,Promotion
2016-02-25T00:00:00.000Z,2016,Feb,Thu,160947.532640187590,162597.496845268180,4404,36.55,-1649.96,-1.03,-0.37,-1.01,36.84,2213,Promotion
2016-02-26T00:00:00.000Z,2016,Feb,Fri,188736.247417435140,183103.233687990780,4935,38.24,5633.01,2.98,1.14,3.08,36.55,4404,No Promotion
2016-02-27T00:00:00.000Z,2016,Feb,Sat,215951.507867073960,210032.788078558890,5609,38.50,5918.72,2.74,1.06,2.82,38.24,4935,No Promotion
2016-02-28T00:00:00.000Z,2016,Feb,Sun,134995.854495942590,129938.705770358500,3452,39.11,5057.15,3.75,1.46,3.89,38.50,5609,No Promotion
2016-02-29T00:00:00.000Z,2016,Feb,Mon,163079.378043967590,160332.589406030750,4270,38.19,2746.79,1.68,0.64,1.71,39.11,3452,Promotion
2016-03-01T00:00:00.000Z,2016,Mar,Tue,180828.674091826370,182962.336996476250,4719,38.32,-2133.66,-1.18,-0.45,-1.17,38.19,4270,No Promotion
2016-03-02T00:00:00.000Z,2016,Mar,Wed,171196.175194466370,174428.680891674970,4451,38.46,-3232.51,-1.89,-0.73,-1.85,38.32,4719,No Promotion
2016-03-03T00:00:00.000Z,2016,Mar,Thu,129719.050526333800,131961.932508289090,3364,38.56,-2242.88,-1.73,-0.67,-1.70,38.46,4451,No Promotion
2016-03-04T00:00:00.000Z,2016,Mar,Fri,142127.642090612590,144039.413682700250,3665,38.78,-1911.77,-1.35,-0.52,-1.33,38.56,3364,No Promotion
2016-03-05T00:00:00.000Z,2016,Mar,Sat,152124.407894327600,153377.512038677350,3889,39.12,-1253.10,-0.82,-0.32,-0.82,38.78,3665,No Promotion
2016-03-06T00:00:00.000Z,2016,Mar,Sun,74132.787023074285,74332.279484224229,1882,39.39,-199.49,-0.27,-0.11,-0.27,39.12,3889,No Promotion
2016-03-07T00:00:00.000Z,2016,Mar,Mon,91143.028607709275,95167.528732048944,2405,37.90,-4024.50,-4.42,-1.67,-4.23,39.39,1882,Promotion
2016-03-08T00:00:00.000Z,2016,Mar,Tue,60528.093358145001,62342.881166359926,1577,38.38,-1814.79,-3.00,-1.15,-2.91,37.90,2405,No Promotion
2016-03-09T00:00:00.000Z,2016,Mar,Wed,38340.599611080244,35918.335153329201,913,41.99,2422.26,6.32,2.65,6.74,38.38,1577,No Promotion
2016-03-10T00:00:00.000Z,2016,Mar,Thu,37453.006182510246,35108.200106536773,892,41.99,2344.81,6.26,2.63,6.68,41.99,913,No Promotion
2016-03-11T00:00:00.000Z,2016,Mar,Fri,77997.045012869392,73051.675542545359,1855,42.05,4945.37,6.34,2.67,6.77,41.99,892,No Promotion
2016-03-12T00:00:00.000Z,2016,Mar,Sat,79752.282678029282,74962.816397036033,1897,42.04,4789.47,6.01,2.52,6.39,42.05,1855,Promotion
2016-03-13T00:00:00.000Z,2016,Mar,Sun,37155.588484560249,34962.830504184181,883,42.08,2192.76,5.90,2.48,6.27,42.04,1897,No Promotion
2016-03-14T00:00:00.000Z,2016,Mar,Mon,45046.513214430241,42368.045353504094,1071,42.06,2678.47,5.95,2.50,6.32,42.08,883,Promotion
2016-03-15T00:00:00.000Z,2016,Mar,Tue,55489.332757800243,52263.056988226643,1320,42.04,3226.28,5.81,2.44,6.17,42.06,1071,Promotion
2016-03-16T00:00:00.000Z,2016,Mar,Wed,41893.303158000243,39495.455901503272,997,42.02,2397.85,5.72,2.41,6.07,42.04,1320,No Promotion
2016-03-17T00:00:00.000Z,2016,Mar,Thu,34348.504189710126,32292.837602068419,817,42.04,2055.67,5.98,2.52,6.37,42.02,997,No Promotion
2016-03-18T00:00:00.000Z,2016,Mar,Fri,78276.831216934515,73746.758711538583,1866,41.95,4530.07,5.79,2.43,6.14,42.04,817,Promotion
2016-03-19T00:00:00.000Z,2016,Mar,Sat,92851.402660078791,87451.566175781234,2211,42.00,5399.84,5.82,2.44,6.17,41.95,1866,No Promotion
2016-03-20T00:00:00.000Z,2016,Mar,Sun,54845.789298270247,51625.511717785288,1304,42.06,3220.28,5.87,2.47,6.24,42.00,2211,No Promotion
2016-03-21T00:00:00.000Z,2016,Mar,Mon,48037.799902380248,45187.641575720692,1143,42.03,2850.16,5.93,2.49,6.31,42.06,1304,No Promotion
2016-03-22T00:00:00.000Z,2016,Mar,Tue,65905.723262160012,62023.881297700063,1573,41.90,3881.84,5.89,2.47,6.26,42.03,1143,Promotion
2016-03-23T00:00:00.000Z,2016,Mar,Wed,84870.051300869760,81472.827175989325,2065,41.10,3397.22,4.00,1.65,4.17,41.90,1573,Promotion
2016-03-24T00:00:00.000Z,2016,Mar,Thu,262459.505681303910,259298.456618436850,6588,39.84,3161.05,1.20,0.48,1.22,41.10,2065,Promotion
2016-03-25T00:00:00.000Z,2016,Mar,Fri,228124.398029273930,222208.350380803920,5652,40.36,5916.05,2.59,1.05,2.66,39.84,6588,No Promotion
2016-03-26T00:00:00.000Z,2016,Mar,Sat,162929.492144126360,161434.815098504540,4103,39.71,1494.68,0.92,0.36,0.93,40.36,5652,No Promotion
2016-03-27T00:00:00.000Z,2016,Mar,Sun,58359.832184820130,57681.569884933917,1466,39.81,678.26,1.16,0.46,1.18,39.71,4103,No Promotion
2016-03-28T00:00:00.000Z,2016,Mar,Mon,85605.331920599157,85022.380920180585,2162,39.60,582.95,0.68,0.27,0.69,39.81,1466,Promotion
2016-03-29T00:00:00.000Z,2016,Mar,Tue,84836.414342129283,84595.217934805929,2155,39.37,241.20,0.28,0.11,0.29,39.60,2162,No Promotion
2016-03-30T00:00:00.000Z,2016,Mar,Wed,64308.914216520490,68427.594666065750,1746,36.83,-4118.68,-6.40,-2.36,-6.02,39.37,2155,No Promotion
2016-03-31T00:00:00.000Z,2016,Mar,Thu,131168.485522947590,138589.100064262950,3554,36.91,-7420.61,-5.66,-2.09,-5.35,36.83,1746,No Promotion
2016-04-01T00:00:00.000Z,2016,Apr,Fri,232410.197977815460,245358.629980533850,6282,37.00,-12948.43,-5.57,-2.06,-5.28,36.91,3554,No Promotion
2016-04-02T00:00:00.000Z,2016,Apr,Sat,195831.097457117900,205442.828096811720,5259,37.24,-9611.73,-4.91,-1.83,-4.68,37.00,6282,No Promotion
2016-04-03T00:00:00.000Z,2016,Apr,Sun,90716.547889139882,95543.133646196758,2446,37.09,-4826.59,-5.32,-1.97,-5.05,37.24,5259,No Promotion
2016-04-04T00:00:00.000Z,2016,Apr,Mon,131638.019607176360,130700.188942007360,3345,39.35,937.83,0.71,0.28,0.72,37.09,2446,No Promotion
2016-04-05T00:00:00.000Z,2016,Apr,Tue,81910.872618989408,79969.510545293015,2048,40.00,1941.36,2.37,0.95,2.43,39.35,3345,No Promotion
2016-04-06T00:00:00.000Z,2016,Apr,Wed,54821.908513709888,50800.008514759305,1303,42.07,4021.90,7.34,3.09,7.92,40.00,2048,No Promotion
2016-04-07T00:00:00.000Z,2016,Apr,Thu,155615.419414466390,171592.125879157360,4413,35.26,-15976.71,-10.27,-3.62,-9.31,42.07,1303,Promotion
2016-04-08T00:00:00.000Z,2016,Apr,Fri,264086.893780349990,291378.579802774470,7494,35.24,-27291.69,-10.33,-3.64,-9.37,35.26,4413,Promotion
2016-04-09T00:00:00.000Z,2016,Apr,Sat,272761.297542688790,298164.416097074460,7738,35.25,-25403.12,-9.31,-3.28,-8.52,35.24,7494,No Promotion
2016-04-10T00:00:00.000Z,2016,Apr,Sun,104689.427918458550,113609.304253074300,2958,35.39,-8919.88,-8.52,-3.02,-7.85,35.25,7738,No Promotion
2016-04-11T00:00:00.000Z,2016,Apr,Mon,131170.596933776370,142022.812593445880,3713,35.33,-10852.22,-8.27,-2.92,-7.64,35.39,2958,Promotion
2016-04-12T00:00:00.000Z,2016,Apr,Tue,123179.489400388790,132714.960204100410,3504,35.15,-9535.47,-7.74,-2.72,-7.18,35.33,3713,No Promotion
2016-04-13T00:00:00.000Z,2016,Apr,Wed,124431.046371688800,132889.056896937280,3534,35.21,-8458.01,-6.80,-2.39,-6.36,35.15,3504,No Promotion
2016-04-14T00:00:00.000Z,2016,Apr,Thu,162166.835990875140,172225.652705638640,4601,35.25,-10058.82,-6.20,-2.19,-5.84,35.21,3534,No Promotion
2016-04-15T00:00:00.000Z,2016,Apr,Fri,354042.023239828820,373200.305984063130,10045,35.25,-19158.28,-5.41,-1.91,-5.13,35.25,4601,No Promotion
2016-04-16T00:00:00.000Z,2016,Apr,Sat,327352.261395958830,345338.628069206260,9301,35.20,-17986.37,-5.49,-1.93,-5.21,35.25,10045,No Promotion
2016-04-17T00:00:00.000Z,2016,Apr,Sun,164809.303048253930,175167.428759829720,4678,35.23,-10358.13,-6.28,-2.21,-5.91,35.20,9301,No Promotion
2016-04-18T00:00:00.000Z,2016,Apr,Mon,151157.794308715150,159828.765034305340,4294,35.20,-8670.97,-5.74,-2.02,-5.43,35.23,4678,No Promotion
2016-04-19T00:00:00.000Z,2016,Apr,Tue,126895.936497537580,133726.280561524820,3606,35.19,-6830.34,-5.38,-1.89,-5.11,35.20,4294,No Promotion
2016-04-20T00:00:00.000Z,2016,Apr,Wed,166395.445828840140,179020.542458507760,4838,34.39,-12625.10,-7.59,-2.61,-7.05,35.19,3606,Promotion
2016-04-21T00:00:00.000Z,2016,Apr,Thu,167796.354780001360,182485.098937053960,4914,34.15,-14688.74,-8.75,-2.99,-8.05,34.39,4838,Promotion
2016-04-22T00:00:00.000Z,2016,Apr,Fri,351146.016999244280,380098.156403874450,10269,34.19,-28952.14,-8.25,-2.82,-7.62,34.15,4914,No Promotion
2016-04-23T00:00:00.000Z,2016,Apr,Sat,420738.821759644600,455415.349328029780,12317,34.16,-34676.53,-8.24,-2.82,-7.61,34.19,10269,Promotion
2016-04-24T00:00:00.000Z,2016,Apr,Sun,186166.150786438780,202391.178695290440,5453,34.14,-16225.03,-8.72,-2.98,-8.02,34.16,12317,No Promotion
2016-04-25T00:00:00.000Z,2016,Apr,Mon,251449.529639191080,273255.098530793100,7372,34.11,-21805.57,-8.67,-2.96,-7.98,34.14,5453,Promotion
2016-04-26T00:00:00.000Z,2016,Apr,Tue,280321.810746765930,302469.831975234670,8211,34.14,-22148.02,-7.90,-2.70,-7.32,34.11,7372,No Promotion
2016-04-27T00:00:00.000Z,2016,Apr,Wed,313434.933313664570,337931.116966197090,9182,34.14,-24496.18,-7.82,-2.67,-7.25,34.14,8211,No Promotion
2016-04-28T00:00:00.000Z,2016,Apr,Thu,257324.603080939730,276852.179942577380,7520,34.22,-19527.58,-7.59,-2.60,-7.05,34.14,9182,No Promotion
2016-04-29T00:00:00.000Z,2016,Apr,Fri,455554.336048229480,489215.067537895640,13321,34.20,-33660.73,-7.39,-2.53,-6.88,34.22,7520,Promotion
2016-04-30T00:00:00.000Z,2016,Apr,Sat,556865.203275052360,598925.667888700730,16276,34.21,-42060.46,-7.55,-2.58,-7.02,34.20,13321,No Promotion
2016-05-01T00:00:00.000Z,2016,May,Sun,354856.044922086880,380511.159158109110,10388,34.16,-25655.11,-7.23,-2.47,-6.74,34.21,16276,No Promotion
2016-05-02T00:00:00.000Z,2016,May,Mon,283284.581253970800,304997.851816896290,8298,34.14,-21713.27,-7.66,-2.62,-7.12,34.16,10388,No Promotion
2016-05-03T00:00:00.000Z,2016,May,Tue,297500.673968725840,319786.359468561070,8717,34.13,-22285.69,-7.49,-2.56,-6.97,34.14,8298,Promotion
2016-05-04T00:00:00.000Z,2016,May,Wed,285968.487782519720,305506.998234947500,8364,34.19,-19538.51,-6.83,-2.34,-6.40,34.13,8717,No Promotion
2016-05-05T00:00:00.000Z,2016,May,Thu,237946.632672263660,254527.415505526090,6968,34.15,-16580.78,-6.97,-2.38,-6.51,34.19,8364,No Promotion
2016-05-06T00:00:00.000Z,2016,May,Fri,340851.505864859500,364361.032864138540,9973,34.18,-23509.53,-6.90,-2.36,-6.45,34.15,6968,No Promotion
2016-05-07T00:00:00.000Z,2016,May,Sat,388187.601433528060,414644.623490811440,11363,34.16,-26457.02,-6.82,-2.33,-6.38,34.18,9973,Promotion
2016-05-08T00:00:00.000Z,2016,May,Sun,139178.984059245150,148731.090527304130,4074,34.16,-9552.11,-6.86,-2.34,-6.42,34.16,11363,No Promotion
2016-05-09T00:00:00.000Z,2016,May,Mon,66400.303047269510,57741.738907512547,1579,42.05,8658.56,13.04,5.48,15.00,34.16,4074,No Promotion
2016-05-10T00:00:00.000Z,2016,May,Tue,42723.524457810243,37112.985056990263,1016,42.05,5610.54,13.13,5.52,15.12,42.05,1579,No Promotion
2016-05-11T00:00:00.000Z,2016,May,Wed,35014.399481130247,30393.740119816470,832,42.08,4620.66,13.20,5.55,15.20,42.05,1016,No Promotion
2016-05-12T00:00:00.000Z,2016,May,Thu,27210.406631640122,23570.159155417456,647,42.06,3640.25,13.38,5.63,15.44,42.08,832,No Promotion
2016-05-13T00:00:00.000Z,2016,May,Fri,79840.088245649400,69078.714144542624,1898,42.07,10761.37,13.48,5.67,15.58,42.06,647,No Promotion
2016-05-14T00:00:00.000Z,2016,May,Sat,82484.448292049157,71426.011644710306,1961,42.06,11058.44,13.41,5.64,15.48,42.07,1898,Promotion
2016-05-15T00:00:00.000Z,2016,May,Sun,51497.237336430007,44611.939679509764,1224,42.07,6885.30,13.37,5.63,15.43,42.06,1961,No Promotion
2016-05-16T00:00:00.000Z,2016,May,Mon,42871.832866800367,37139.308256889854,1019,42.07,5732.52,13.37,5.63,15.44,42.07,1224,No Promotion
2016-05-17T00:00:00.000Z,2016,May,Tue,39104.639102460249,33890.360432496309,930,42.05,5214.28,13.33,5.61,15.39,42.07,1019,No Promotion
2016-05-18T00:00:00.000Z,2016,May,Wed,34406.750005710244,29884.330589367586,818,42.06,4522.42,13.14,5.53,15.13,42.05,930,No Promotion
2016-05-19T00:00:00.000Z,2016,May,Thu,39403.658560350246,34229.631915798505,937,42.05,5174.03,13.13,5.52,15.12,42.06,818,Promotion
2016-05-20T00:00:00.000Z,2016,May,Fri,96830.902423738444,83926.003498834732,2302,42.06,12904.90,13.33,5.61,15.38,42.05,937,No Promotion
2016-05-21T00:00:00.000Z,2016,May,Sat,99380.394597328297,86179.513387184299,2363,42.06,13200.88,13.28,5.59,15.32,42.06,2302,No Promotion
2016-05-22T00:00:00.000Z,2016,May,Sun,61656.181334069763,53463.734557835058,1466,42.06,8192.45,13.29,5.59,15.32,42.06,2363,No Promotion
2016-05-23T00:00:00.000Z,2016,May,Mon,69163.557365579516,59948.438707535541,1644,42.07,9215.12,13.32,5.61,15.37,42.06,1466,No Promotion
2016-05-24T00:00:00.000Z,2016,May,Tue,113112.865021109640,117414.698929684780,3224,35.08,-4301.83,-3.80,-1.33,-3.66,42.07,1644,Promotion
2016-05-25T00:00:00.000Z,2016,May,Wed,253686.302453586070,268974.570693965240,7392,34.32,-15288.27,-6.03,-2.07,-5.68,35.08,3224,Promotion
2016-05-26T00:00:00.000Z,2016,May,Thu,210305.291944036230,223289.084573854840,6138,34.26,-12983.79,-6.17,-2.12,-5.81,34.32,7392,No Promotion
2016-05-27T00:00:00.000Z,2016,May,Fri,364087.424299930510,386499.896429186510,10624,34.27,-22412.47,-6.16,-2.11,-5.80,34.26,6138,No Promotion
2016-05-28T00:00:00.000Z,2016,May,Sat,397480.369474525510,421674.101869765200,11590,34.30,-24193.73,-6.09,-2.09,-5.74,34.27,10624,No Promotion
2016-05-29T00:00:00.000Z,2016,May,Sun,204028.176757352430,216777.315725663760,5959,34.24,-12749.14,-6.25,-2.14,-5.88,34.30,11590,No Promotion
2016-05-30T00:00:00.000Z,2016,May,Mon,172797.935134466390,183715.807199507520,5048,34.23,-10917.87,-6.32,-2.16,-5.94,34.24,5959,No Promotion
2016-05-31T00:00:00.000Z,2016,May,Tue,258970.654110184870,274386.015434770500,7542,34.34,-15415.36,-5.95,-2.04,-5.62,34.23,5048,No Promotion
2016-06-01T00:00:00.000Z,2016,Jun,Wed,368789.572621970610,391923.659614291860,10761,34.27,-23134.09,-6.27,-2.15,-5.90,34.34,7542,Promotion
2016-06-02T00:00:00.000Z,2016,Jun,Thu,278071.386569245950,295548.241640903350,8120,34.25,-17476.86,-6.29,-2.15,-5.91,34.27,10761,No Promotion
2016-06-03T00:00:00.000Z,2016,Jun,Fri,373959.362039226860,396324.178666270400,10896,34.32,-22364.82,-5.98,-2.05,-5.64,34.25,8120,No Promotion
2016-06-04T00:00:00.000Z,2016,Jun,Sat,402057.252888535500,426466.132176591320,11726,34.29,-24408.88,-6.07,-2.08,-5.72,34.32,10896,Promotion
2016-06-05T00:00:00.000Z,2016,Jun,Sun,205719.453235816240,218408.182073275700,6007,34.25,-12688.73,-6.17,-2.11,-5.81,34.29,11726,No Promotion
2016-06-06T00:00:00.000Z,2016,Jun,Mon,177626.950124486380,188629.754225901970,5185,34.26,-11002.80,-6.19,-2.12,-5.83,34.25,6007,No Promotion
2016-06-07T00:00:00.000Z,2016,Jun,Tue,70441.907412239394,60910.748400180244,1675,42.05,9531.16,13.53,5.69,15.65,34.26,5185,No Promotion
2016-06-08T00:00:00.000Z,2016,Jun,Wed,162923.849580700160,173292.681134454120,4765,34.19,-10368.83,-6.36,-2.18,-5.98,42.05,1675,Promotion
2016-06-09T00:00:00.000Z,2016,Jun,Thu,138752.527609767600,143791.478082016260,3953,35.10,-5038.95,-3.63,-1.27,-3.50,34.19,4765,No Promotion
2016-06-10T00:00:00.000Z,2016,Jun,Fri,252458.262230488820,261502.381778564010,7190,35.11,-9044.12,-3.58,-1.26,-3.46,35.10,3953,No Promotion
2016-06-11T00:00:00.000Z,2016,Jun,Sat,293917.852481117010,311853.520534735760,8577,34.27,-17935.67,-6.10,-2.09,-5.75,35.11,7190,Promotion
2016-06-12T00:00:00.000Z,2016,Jun,Sun,138350.121828475150,143346.674606024260,3943,35.09,-4996.55,-3.61,-1.27,-3.49,34.27,8577,No Promotion
2016-06-13T00:00:00.000Z,2016,Jun,Mon,130067.275564196360,134950.566489430060,3707,35.09,-4883.29,-3.75,-1.32,-3.62,35.09,3943,No Promotion
2016-06-14T00:00:00.000Z,2016,Jun,Tue,107168.661076499410,111173.158478465220,3054,35.09,-4004.50,-3.74,-1.31,-3.60,35.09,3707,No Promotion
2016-06-15T00:00:00.000Z,2016,Jun,Wed,224030.554448086220,237934.734150632980,6541,34.25,-13904.18,-6.21,-2.13,-5.84,35.09,3054,Promotion
2016-06-16T00:00:00.000Z,2016,Jun,Thu,201918.222072743960,209095.569741376880,5749,35.12,-7177.35,-3.55,-1.25,-3.43,34.25,6541,No Promotion
2016-06-17T00:00:00.000Z,2016,Jun,Fri,329344.268303161250,341253.329634991360,9385,35.09,-11909.06,-3.62,-1.27,-3.49,35.12,5749,Promotion
2016-06-18T00:00:00.000Z,2016,Jun,Sat,308642.977224081870,327672.041484041430,9012,34.25,-19029.06,-6.17,-2.11,-5.81,35.09,9385,No Promotion
2016-06-19T00:00:00.000Z,2016,Jun,Sun,134472.406628276370,139385.876176807420,3831,35.10,-4913.47,-3.65,-1.28,-3.53,34.25,9012,No Promotion
2016-06-20T00:00:00.000Z,2016,Jun,Mon,143809.720583966380,148953.910853214910,4097,35.10,-5144.19,-3.58,-1.26,-3.45,35.10,3831,No Promotion
2016-06-21T00:00:00.000Z,2016,Jun,Tue,123252.151055847570,127533.009276503200,3509,35.12,-4280.86,-3.47,-1.22,-3.36,35.10,4097,No Promotion
2016-06-22T00:00:00.000Z,2016,Jun,Wed,40067.151211860240,34559.084522627534,953,42.04,5508.07,13.75,5.78,15.94,35.12,3509,No Promotion
2016-06-23T00:00:00.000Z,2016,Jun,Thu,143752.736760648780,155659.533743734560,4305,33.39,-11906.80,-8.28,-2.77,-7.65,42.04,953,Promotion
2016-06-24T00:00:00.000Z,2016,Jun,Fri,389904.008554662640,422372.581580700290,11667,33.42,-32468.57,-8.33,-2.78,-7.69,33.39,4305,No Promotion
2016-06-25T00:00:00.000Z,2016,Jun,Sat,461280.785582774440,498910.329020543840,13793,33.44,-37629.54,-8.16,-2.73,-7.54,33.42,11667,No Promotion
2016-06-26T00:00:00.000Z,2016,Jun,Sun,221578.696823561390,240449.622291522220,6641,33.37,-18870.93,-8.52,-2.84,-7.85,33.44,13793,No Promotion
2016-06-27T00:00:00.000Z,2016,Jun,Mon,253702.222976618800,274426.080277893280,7593,33.41,-20723.86,-8.17,-2.73,-7.55,33.37,6641,No Promotion
2016-06-28T00:00:00.000Z,2016,Jun,Tue,200616.076183338940,217104.579715706150,6007,33.40,-16488.50,-8.22,-2.74,-7.59,33.41,7593,No Promotion
2016-06-29T00:00:00.000Z,2016,Jun,Wed,211700.813157210160,229023.810739695790,6345,33.36,-17323.00,-8.18,-2.73,-7.56,33.40,6007,Promotion
2016-06-30T00:00:00.000Z,2016,Jun,Thu,282757.711444597630,305894.180094823710,8482,33.34,-23136.47,-8.18,-2.73,-7.56,33.36,6345,Promotion
2016-07-01T00:00:00.000Z,2016,Jul,Fri,479010.156707742020,517742.192597536430,14344,33.39,-38732.04,-8.09,-2.70,-7.48,33.34,8482,No Promotion
2016-07-02T00:00:00.000Z,2016,Jul,Sat,454543.285758789400,490487.024649262600,13609,33.40,-35943.74,-7.91,-2.64,-7.33,33.39,14344,No Promotion
2016-07-03T00:00:00.000Z,2016,Jul,Sun,242185.180702577610,261534.912039247080,7259,33.36,-19349.73,-7.99,-2.67,-7.40,33.40,13609,No Promotion
2016-07-04T00:00:00.000Z,2016,Jul,Mon,281531.685555978850,304052.476995267030,8431,33.39,-22520.79,-8.00,-2.67,-7.41,33.36,7259,No Promotion
2016-07-05T00:00:00.000Z,2016,Jul,Tue,219363.220135638930,237026.350540846240,6577,33.35,-17663.13,-8.05,-2.69,-7.45,33.39,8431,No Promotion
2016-07-06T00:00:00.000Z,2016,Jul,Wed,204005.582234553930,219722.894950047690,6098,33.45,-15717.31,-7.70,-2.58,-7.15,33.35,6577,No Promotion
2016-07-07T00:00:00.000Z,2016,Jul,Thu,69579.068455469765,59598.917800192394,1654,42.07,9980.15,14.34,6.03,16.75,33.45,6098,No Promotion
2016-07-08T00:00:00.000Z,2016,Jul,Fri,87184.740028708911,74654.520419296809,2073,42.06,12530.22,14.37,6.04,16.78,42.07,1654,Promotion
2016-07-09T00:00:00.000Z,2016,Jul,Sat,78700.436048339150,67367.383240402574,1871,42.06,11333.05,14.40,6.06,16.82,42.06,2073,No Promotion
2016-07-10T00:00:00.000Z,2016,Jul,Sun,39809.559090600371,34091.569662440699,946,42.08,5717.99,14.36,6.04,16.77,42.06,1871,No Promotion
2016-07-11T00:00:00.000Z,2016,Jul,Mon,45839.238770190248,39231.195372207745,1090,42.05,6608.04,14.42,6.06,16.84,42.08,946,Promotion
2016-07-12T00:00:00.000Z,2016,Jul,Tue,36851.763746850367,31574.325469600975,876,42.07,5277.44,14.32,6.02,16.71,42.05,1090,No Promotion
2016-07-13T00:00:00.000Z,2016,Jul,Wed,33225.670471770121,28489.081398148788,790,42.06,4736.59,14.26,6.00,16.63,42.07,876,No Promotion
2016-07-14T00:00:00.000Z,2016,Jul,Thu,30423.391456740123,26053.796718671532,723,42.08,4369.59,14.36,6.04,16.77,42.06,790,No Promotion
2016-07-15T00:00:00.000Z,2016,Jul,Fri,80345.637659439148,68788.094536384728,1910,42.07,11557.54,14.38,6.05,16.80,42.08,723,Promotion
2016-07-16T00:00:00.000Z,2016,Jul,Sat,95297.338626638681,81655.857730858726,2266,42.06,13641.48,14.31,6.02,16.71,42.07,1910,Promotion
2016-07-17T00:00:00.000Z,2016,Jul,Sun,45324.054527670247,38809.808900032534,1078,42.04,6514.25,14.37,6.04,16.79,42.06,2266,No Promotion
2016-07-18T00:00:00.000Z,2016,Jul,Mon,51604.118408790244,44222.784476633977,1227,42.06,7381.33,14.30,6.02,16.69,42.04,1078,No Promotion
2016-07-19T00:00:00.000Z,2016,Jul,Tue,37870.119032340364,32436.795965171274,900,42.08,5433.32,14.35,6.04,16.75,42.06,1227,No Promotion
2016-07-20T00:00:00.000Z,2016,Jul,Wed,42723.524457810243,36607.390656376527,1016,42.05,6116.13,14.32,6.02,16.71,42.08,900,Promotion
2016-07-21T00:00:00.000Z,2016,Jul,Thu,35169.915809850128,30133.318639665871,836,42.07,5036.60,14.32,6.02,16.71,42.05,1016,No Promotion
2016-07-22T00:00:00.000Z,2016,Jul,Fri,61148.205011279642,52384.447482992728,1454,42.06,8763.76,14.33,6.03,16.73,42.07,836,Promotion
2016-07-23T00:00:00.000Z,2016,Jul,Sat,77171.701800149516,66113.832037556145,1835,42.06,11057.87,14.33,6.03,16.73,42.06,1454,No Promotion
2016-07-24T00:00:00.000Z,2016,Jul,Sun,40881.354912270246,35019.112638998406,972,42.06,5862.24,14.34,6.03,16.74,42.06,1835,No Promotion
2016-07-25T00:00:00.000Z,2016,Jul,Mon,43085.595011520250,36887.366171890637,1024,42.08,6198.23,14.39,6.05,16.80,42.06,972,No Promotion
2016-07-26T00:00:00.000Z,2016,Jul,Tue,43894.993432110241,37604.658419582855,1044,42.05,6290.34,14.33,6.03,16.73,42.08,1024,Promotion
2016-07-27T00:00:00.000Z,2016,Jul,Wed,67780.728886469529,58196.145986195355,1611,42.07,9584.58,14.14,5.95,16.47,42.05,1044,No Promotion
2016-07-28T00:00:00.000Z,2016,Jul,Thu,51907.943146500242,44544.630743101319,1234,42.06,7363.31,14.19,5.97,16.53,42.07,1611,No Promotion
2016-07-29T00:00:00.000Z,2016,Jul,Fri,93508.633886369164,80346.694133858240,2223,42.06,13161.94,14.08,5.92,16.38,42.06,1234,No Promotion
2016-07-30T00:00:00.000Z,2016,Jul,Sat,95343.595512178930,81874.288863507725,2267,42.06,13469.31,14.13,5.94,16.45,42.06,2223,No Promotion
2016-07-31T00:00:00.000Z,2016,Jul,Sun,59514.992330639878,51145.403341245634,1415,42.06,8369.59,14.06,5.91,16.36,42.06,2267,No Promotion
2016-08-01T00:00:00.000Z,2016,Aug,Mon,65133.966200159761,55946.056559077122,1548,42.08,9187.91,14.11,5.94,16.42,42.06,1415,No Promotion
2016-08-02T00:00:00.000Z,2016,Aug,Tue,70641.253717499887,60629.552999890904,1679,42.07,10011.70,14.17,5.96,16.51,42.08,1548,Promotion
2016-08-03T00:00:00.000Z,2016,Aug,Wed,48442.171479960249,41610.783939948822,1152,42.05,6831.39,14.10,5.93,16.42,42.07,1679,No Promotion
2016-08-04T00:00:00.000Z,2016,Aug,Thu,46291.371916890246,39783.360668054564,1101,42.04,6508.01,14.06,5.91,16.36,42.05,1152,No Promotion
2016-08-05T00:00:00.000Z,2016,Aug,Fri,73453.143292169640,63386.492591361231,1746,42.07,10066.65,13.70,5.77,15.88,42.04,1101,No Promotion
2016-08-06T00:00:00.000Z,2016,Aug,Sat,71508.897954089523,61500.574648541122,1700,42.06,10008.32,14.00,5.89,16.27,42.07,1746,No Promotion
2016-08-07T00:00:00.000Z,2016,Aug,Sun,30066.126182850126,25872.488354075816,715,42.05,4193.64,13.95,5.87,16.21,42.06,1700,No Promotion
2016-08-08T00:00:00.000Z,2016,Aug,Mon,37726.615903170241,32490.136024940544,897,42.06,5236.48,13.88,5.84,16.12,42.05,715,No Promotion
2016-08-09T00:00:00.000Z,2016,Aug,Tue,30831.694626900247,26577.079448522585,733,42.06,4254.62,13.80,5.80,16.01,42.06,897,No Promotion
2016-08-10T00:00:00.000Z,2016,Aug,Wed,146811.455115160150,155135.629111835730,4282,34.29,-8324.17,-5.67,-1.94,-5.37,42.06,733,Promotion
2016-08-11T00:00:00.000Z,2016,Aug,Thu,99867.329619087352,103826.701412471080,2867,34.83,-3959.37,-3.96,-1.38,-3.81,34.29,4282,No Promotion
2016-08-12T00:00:00.000Z,2016,Aug,Fri,210664.862781477450,220379.276676556390,6082,34.64,-9714.41,-4.61,-1.60,-4.41,34.83,2867,Promotion
2016-08-13T00:00:00.000Z,2016,Aug,Sat,266271.039073093390,281658.418319122630,7771,34.26,-15387.38,-5.78,-1.98,-5.46,34.64,6082,Promotion
2016-08-14T00:00:00.000Z,2016,Aug,Sun,123084.039069415140,129601.527226618850,3576,34.42,-6517.49,-5.30,-1.82,-5.03,34.26,7771,No Promotion
2016-08-15T00:00:00.000Z,2016,Aug,Mon,162727.524777145150,168580.170571439380,4649,35.00,-5852.65,-3.60,-1.26,-3.47,34.42,3576,No Promotion
2016-08-16T00:00:00.000Z,2016,Aug,Tue,114708.945994046620,119758.061703467990,3302,34.74,-5049.12,-4.40,-1.53,-4.22,35.00,4649,No Promotion
2016-08-17T00:00:00.000Z,2016,Aug,Wed,122318.907468986380,128298.343456949120,3536,34.59,-5979.44,-4.89,-1.69,-4.66,34.74,3302,Promotion
2016-08-18T00:00:00.000Z,2016,Aug,Thu,112010.344531496860,117374.191579360380,3236,34.61,-5363.85,-4.79,-1.66,-4.57,34.59,3536,No Promotion
2016-08-19T00:00:00.000Z,2016,Aug,Fri,229861.470280579870,241090.133556305020,6646,34.59,-11228.66,-4.88,-1.69,-4.66,34.61,3236,Promotion
2016-08-20T00:00:00.000Z,2016,Aug,Sat,249981.249694194730,262145.177337419770,7220,34.62,-12163.93,-4.87,-1.68,-4.64,34.59,6646,No Promotion
2016-08-21T00:00:00.000Z,2016,Aug,Sun,136480.249116700170,143734.227215170890,3958,34.48,-7253.98,-5.32,-1.83,-5.05,34.62,7220,No Promotion
2016-08-22T00:00:00.000Z,2016,Aug,Mon,127369.802614331380,133350.161382228810,3672,34.69,-5980.36,-4.70,-1.63,-4.48,34.48,3958,No Promotion
2016-08-23T00:00:00.000Z,2016,Aug,Tue,43537.728158220249,37649.387527999519,1035,42.07,5888.34,13.52,5.69,15.64,34.69,3672,No Promotion
2016-08-24T00:00:00.000Z,2016,Aug,Wed,120407.413267863320,127699.415911395790,3549,33.93,-7292.00,-6.06,-2.05,-5.71,42.07,1035,Promotion
2016-08-25T00:00:00.000Z,2016,Aug,Thu,226375.543134796080,240429.685547203410,6647,34.06,-14054.14,-6.21,-2.11,-5.85,33.93,3549,No Promotion
2016-08-26T00:00:00.000Z,2016,Aug,Fri,337900.178233595620,358772.250364109520,9908,34.10,-20872.07,-6.18,-2.11,-5.82,34.06,6647,No Promotion
2016-08-27T00:00:00.000Z,2016,Aug,Sat,355069.540106816860,376755.564483525990,10393,34.16,-21686.02,-6.11,-2.09,-5.76,34.10,9908,No Promotion
2016-08-28T00:00:00.000Z,2016,Aug,Sun,153893.685228050160,163401.329154058910,4507,34.15,-9507.64,-6.18,-2.11,-5.82,34.16,10393,No Promotion
2016-08-29T00:00:00.000Z,2016,Aug,Mon,159625.740922425150,169479.106054065250,4672,34.17,-9853.37,-6.17,-2.11,-5.81,34.15,4507,No Promotion
2016-08-30T00:00:00.000Z,2016,Aug,Tue,133961.966992851380,142299.917791848360,3924,34.14,-8337.95,-6.22,-2.12,-5.86,34.17,4672,No Promotion
2016-08-31T00:00:00.000Z,2016,Aug,Wed,236305.156366476240,250572.453387794870,6918,34.16,-14267.30,-6.04,-2.06,-5.69,34.14,3924,No Promotion
2016-09-01T00:00:00.000Z,2016,Sep,Thu,313491.735118814450,333030.875704027250,9183,34.14,-19539.14,-6.23,-2.13,-5.87,34.16,6918,Promotion
2016-09-02T00:00:00.000Z,2016,Sep,Fri,370355.001734240620,392493.082691822550,10830,34.20,-22138.08,-5.98,-2.04,-5.64,34.14,9183,No Promotion
2016-09-03T00:00:00.000Z,2016,Sep,Sat,369091.055392498090,391842.501397803190,10800,34.18,-22751.45,-6.16,-2.11,-5.81,34.20,10830,No Promotion
2016-09-04T00:00:00.000Z,2016,Sep,Sun,209026.019671958640,222163.728909273660,6119,34.16,-13137.71,-6.29,-2.15,-5.91,34.18,10800,No Promotion
2016-09-05T00:00:00.000Z,2016,Sep,Mon,228177.316780029880,242589.587218543980,6685,34.13,-14412.27,-6.32,-2.16,-5.94,34.16,6119,Promotion
2016-09-06T00:00:00.000Z,2016,Sep,Tue,154494.782049170170,164108.826444586040,4519,34.19,-9614.04,-6.22,-2.13,-5.86,34.13,6685,No Promotion
2016-09-07T00:00:00.000Z,2016,Sep,Wed,50736.474172200127,43830.196852872301,1206,42.07,6906.28,13.61,5.73,15.76,34.19,4519,No Promotion
2016-09-08T00:00:00.000Z,2016,Sep,Thu,43292.149236510246,37391.680889456111,1029,42.07,5900.47,13.63,5.73,15.78,42.07,1206,No Promotion
2016-09-09T00:00:00.000Z,2016,Sep,Fri,77335.918597634154,69612.126701887464,1917,40.34,7723.79,9.99,4.03,11.10,42.07,1029,Promotion
2016-09-10T00:00:00.000Z,2016,Sep,Sat,85070.234889733911,76591.852917484997,2108,40.36,8478.38,9.97,4.02,11.07,40.34,1917,No Promotion
2016-09-11T00:00:00.000Z,2016,Sep,Sun,48831.666105370241,44014.232018730225,1211,40.32,4817.43,9.87,3.98,10.95,40.36,2108,No Promotion
2016-09-12T00:00:00.000Z,2016,Sep,Mon,52075.157176600122,46884.142508087811,1291,40.34,5191.01,9.97,4.02,11.07,40.32,1211,No Promotion
2016-09-13T00:00:00.000Z,2016,Sep,Tue,30424.726256690126,27398.588126893694,755,40.30,3026.14,9.95,4.01,11.04,40.34,1291,No Promotion
2016-09-14T00:00:00.000Z,2016,Sep,Wed,20495.113025005001,18375.052607697839,508,40.34,2120.06,10.34,4.17,11.54,40.30,755,No Promotion
2016-09-15T00:00:00.000Z,2016,Sep,Thu,40742.171681120242,36464.759814940684,1010,40.34,4277.41,10.50,4.24,11.73,40.34,508,No Promotion
2016-09-16T00:00:00.000Z,2016,Sep,Fri,69864.836990219526,62545.190684533110,1733,40.31,7319.65,10.48,4.22,11.70,40.34,1010,Promotion
2016-09-17T00:00:00.000Z,2016,Sep,Sat,100120.711053232940,89572.407615025208,2482,40.34,10548.30,10.54,4.25,11.78,40.31,1733,No Promotion
2016-09-18T00:00:00.000Z,2016,Sep,Sun,49825.097035430132,44593.796883395269,1235,40.34,5231.30,10.50,4.24,11.73,40.34,2482,No Promotion
2016-09-19T00:00:00.000Z,2016,Sep,Mon,46566.462052040246,41660.440426083711,1155,40.32,4906.02,10.54,4.25,11.78,40.34,1235,No Promotion
2016-09-20T00:00:00.000Z,2016,Sep,Tue,37923.765855785372,34031.149487115130,940,40.34,3892.62,10.26,4.14,11.44,40.32,1155,No Promotion
2016-09-21T00:00:00.000Z,2016,Sep,Wed,50084.812702065254,44832.212598977239,1241,40.36,5252.60,10.49,4.23,11.72,40.34,940,No Promotion
2016-09-22T00:00:00.000Z,2016,Sep,Thu,41885.828278280373,37565.478590927647,1039,40.31,4320.35,10.31,4.16,11.50,40.36,1241,No Promotion
2016-09-23T00:00:00.000Z,2016,Sep,Fri,147503.573158325160,131964.515793698550,3657,40.33,15539.06,10.53,4.25,11.78,40.31,1039,No Promotion
2016-09-24T00:00:00.000Z,2016,Sep,Sat,151639.183843411360,135498.163197194280,3758,40.35,16141.02,10.64,4.30,11.91,40.33,3657,No Promotion
2016-09-25T00:00:00.000Z,2016,Sep,Sun,72457.297587654524,64758.504173580448,1797,40.32,7698.79,10.63,4.28,11.89,40.35,3758,No Promotion
2016-09-26T00:00:00.000Z,2016,Sep,Mon,67355.061182414633,60179.020849316512,1671,40.31,7176.04,10.65,4.29,11.92,40.32,1797,No Promotion
2016-09-27T00:00:00.000Z,2016,Sep,Tue,58941.792828474885,52812.782514522900,1462,40.32,6129.01,10.40,4.19,11.61,40.31,1671,No Promotion
2016-09-28T00:00:00.000Z,2016,Sep,Wed,58796.785015724636,57168.560498432882,1581,37.19,1628.22,2.77,1.03,2.85,40.32,1462,Promotion
2016-09-29T00:00:00.000Z,2016,Sep,Thu,57019.389671394638,55187.383906271898,1534,37.17,1832.01,3.21,1.19,3.32,37.19,1581,No Promotion
2016-09-30T00:00:00.000Z,2016,Sep,Fri,155918.382599482570,151036.445518587050,4216,36.98,4881.94,3.13,1.16,3.23,37.17,1534,Promotion
2016-10-01T00:00:00.000Z,2016,Oct,Sat,208489.090324790160,201416.837590064650,5632,37.02,7072.25,3.39,1.26,3.51,36.98,4216,No Promotion
2016-10-02T00:00:00.000Z,2016,Oct,Sun,118580.472576297700,113346.957268526120,3173,37.37,5233.52,4.41,1.65,4.62,37.02,5632,No Promotion
2016-10-03T00:00:00.000Z,2016,Oct,Mon,142758.881121511370,126506.344682148240,3540,40.33,16252.54,11.38,4.59,12.85,37.37,3173,No Promotion
2016-10-04T00:00:00.000Z,2016,Oct,Tue,96620.986929783307,85491.833244422392,2397,40.31,11129.15,11.52,4.64,13.02,40.33,3540,No Promotion
2016-10-05T00:00:00.000Z,2016,Oct,Wed,78861.594940484283,69675.429153985417,1955,40.34,9186.17,11.65,4.70,13.18,40.31,2397,No Promotion
2016-10-06T00:00:00.000Z,2016,Oct,Thu,70279.474392869641,61976.305791476298,1740,40.39,8303.17,11.81,4.77,13.40,40.34,1955,No Promotion
2016-10-07T00:00:00.000Z,2016,Oct,Fri,87748.862891213546,77446.609435800405,2176,40.33,10302.25,11.74,4.73,13.30,40.39,1740,Promotion
2016-10-08T00:00:00.000Z,2016,Oct,Sat,92053.325769973191,81209.248347010551,2283,40.32,10844.08,11.78,4.75,13.35,40.33,2176,Promotion
2016-10-09T00:00:00.000Z,2016,Oct,Sun,51751.383246910009,45607.234099697387,1284,40.30,6144.15,11.87,4.79,13.47,40.32,2283,No Promotion
2016-10-10T00:00:00.000Z,2016,Oct,Mon,50934.983193855121,44983.777302442017,1263,40.33,5951.21,11.68,4.71,13.23,40.30,1284,No Promotion
2016-10-11T00:00:00.000Z,2016,Oct,Tue,36113.934872670245,31885.288450330809,896,40.31,4228.65,11.71,4.72,13.26,40.33,1263,No Promotion
2016-10-12T00:00:00.000Z,2016,Oct,Wed,31023.359765175122,27817.642466410718,768,40.39,3205.72,10.33,4.17,11.52,40.31,896,No Promotion
2016-10-13T00:00:00.000Z,2016,Oct,Thu,22334.212530660003,19704.093150736488,521,42.87,2630.12,11.78,5.05,13.35,40.39,768,No Promotion
2016-10-14T00:00:00.000Z,2016,Oct,Fri,69440.928795190252,62070.751184300032,1618,42.92,7370.18,10.61,4.56,11.87,42.87,521,No Promotion
2016-10-15T00:00:00.000Z,2016,Oct,Sat,92159.029791471577,83371.817021350085,2147,42.92,8787.21,9.53,4.09,10.54,42.92,1618,No Promotion
2016-10-16T00:00:00.000Z,2016,Oct,Sun,57296.287853750240,52701.294613812352,1335,42.92,4594.99,8.02,3.44,8.72,42.92,2147,No Promotion
2016-10-17T00:00:00.000Z,2016,Oct,Mon,57184.941268830247,51764.937371772758,1332,42.93,5420.00,9.48,4.07,10.47,42.92,1335,No Promotion
2016-10-18T00:00:00.000Z,2016,Oct,Tue,40951.104276929640,37288.624545278682,954,42.93,3662.48,8.94,3.84,9.82,42.93,1332,No Promotion
2016-10-19T00:00:00.000Z,2016,Oct,Wed,37672.447294289756,33678.459271288069,877,42.96,3993.99,10.60,4.55,11.86,42.93,954,No Promotion
2016-10-20T00:00:00.000Z,2016,Oct,Thu,38648.137519559634,35038.068691629327,906,42.66,3610.07,9.34,3.98,10.30,42.96,877,Promotion
2016-10-21T00:00:00.000Z,2016,Oct,Fri,96020.545374096837,86810.277533434695,2249,42.69,9210.27,9.59,4.10,10.61,42.66,906,No Promotion
2016-10-22T00:00:00.000Z,2016,Oct,Sat,105662.594158372550,95930.016514689429,2472,42.74,9732.58,9.21,3.94,10.15,42.69,2249,No Promotion
2016-10-23T00:00:00.000Z,2016,Oct,Sun,54738.483516835127,49990.519289317977,1280,42.76,4747.96,8.67,3.71,9.50,42.74,2472,No Promotion
2016-10-24T00:00:00.000Z,2016,Oct,Mon,40131.573511264636,36347.698715160215,940,42.69,3783.87,9.43,4.03,10.41,42.76,1280,No Promotion
2016-10-25T00:00:00.000Z,2016,Oct,Tue,70402.991926425369,63452.761037813718,1650,42.67,6950.23,9.87,4.21,10.95,42.69,940,Promotion
2016-10-26T00:00:00.000Z,2016,Oct,Wed,62501.740698760252,56100.874288607934,1467,42.61,6400.87,10.24,4.36,11.41,42.67,1650,No Promotion
2016-10-27T00:00:00.000Z,2016,Oct,Thu,53675.218280300003,48201.940975749021,1257,42.70,5473.28,10.20,4.35,11.35,42.61,1467,No Promotion
2016-10-28T00:00:00.000Z,2016,Oct,Fri,102606.326981947060,92657.699525096017,2405,42.66,9948.63,9.70,4.14,10.74,42.70,1257,Promotion
2016-10-29T00:00:00.000Z,2016,Oct,Sat,124988.155467188660,113187.846022975340,2929,42.67,11800.31,9.44,4.03,10.43,42.66,2405,No Promotion
2016-10-30T00:00:00.000Z,2016,Oct,Sun,67521.037488925373,61233.718874185091,1582,42.68,6287.32,9.31,3.97,10.27,42.67,2929,No Promotion
2016-10-31T00:00:00.000Z,2016,Oct,Mon,70020.596009840374,62316.151338201780,1639,42.72,7704.44,11.00,4.70,12.36,42.68,1582,No Promotion
2016-11-01T00:00:00.000Z,2016,Nov,Tue,126954.170178997430,110698.742897542080,2971,42.73,16255.43,12.80,5.47,14.68,42.72,1639,No Promotion
2016-11-02T00:00:00.000Z,2016,Nov,Wed,97558.247051041471,86203.875203719464,2284,42.71,11354.37,11.64,4.97,13.17,42.73,2971,No Promotion
2016-11-03T00:00:00.000Z,2016,Nov,Thu,97039.009870491587,89413.415966019093,2266,42.82,7625.59,7.86,3.37,8.53,42.71,2284,No Promotion
2016-11-04T00:00:00.000Z,2016,Nov,Fri,168349.265322936090,156675.590124404230,3938,42.75,11673.68,6.93,2.96,7.45,42.82,2266,Promotion
2016-11-05T00:00:00.000Z,2016,Nov,Sat,202017.421978132300,189394.693737748980,4720,42.80,12622.73,6.25,2.67,6.66,42.75,3938,No Promotion
2016-11-06T00:00:00.000Z,2016,Nov,Sun,108459.000053622190,102250.167775968180,2537,42.75,6208.83,5.72,2.45,6.07,42.80,4720,No Promotion
2016-11-07T00:00:00.000Z,2016,Nov,Mon,112536.377057252550,105978.482478312770,2621,42.94,6557.89,5.83,2.50,6.19,42.75,2537,No Promotion
2016-11-08T00:00:00.000Z,2016,Nov,Tue,100479.929988871820,94692.479289428011,2341,42.92,5787.45,5.76,2.47,6.11,42.94,2621,No Promotion
2016-11-09T00:00:00.000Z,2016,Nov,Wed,81649.688672410848,77081.660573950430,1901,42.95,4568.03,5.59,2.40,5.93,42.92,2341,No Promotion
2016-11-10T00:00:00.000Z,2016,Nov,Thu,71529.162644240496,67551.250971092930,1666,42.93,3977.91,5.56,2.39,5.89,42.95,1901,No Promotion
2016-11-11T00:00:00.000Z,2016,Nov,Fri,160938.601615074880,152555.417337230580,3748,42.94,8383.18,5.21,2.24,5.50,42.93,1666,No Promotion
2016-11-12T00:00:00.000Z,2016,Nov,Sat,164998.844641164880,156263.149473909730,3843,42.93,8735.70,5.29,2.27,5.59,42.94,3748,Promotion
2016-11-13T00:00:00.000Z,2016,Nov,Sun,97946.783047396821,93112.608909273331,2281,42.94,4834.17,4.94,2.12,5.19,42.93,3843,No Promotion
2016-11-14T00:00:00.000Z,2016,Nov,Mon,87834.253684381343,83068.269026507172,2046,42.93,4765.98,5.43,2.33,5.74,42.94,2281,No Promotion
2016-11-15T00:00:00.000Z,2016,Nov,Tue,95509.134975070017,88104.204530400457,2181,43.79,7404.93,7.75,3.40,8.40,42.93,2046,No Promotion
2016-11-16T00:00:00.000Z,2016,Nov,Wed,77229.971885239516,71428.870002172305,1763,43.81,5801.10,7.51,3.29,8.12,43.79,2181,No Promotion
